material_nombre_atlas,tecnicas_publicadas
aguja,Bordado ch'ol tzeltal; Bordado con dos agujas; Bordado de chaquira; Bordado de dos agujas; Bordado libre en maquina de pedal; Bordado primavera; Bordado tenango; Bordados de chamula y larrainzar; Cadeneta o cadenilla; Cola de ratón; Contabilidad y vuelta por hilo; Contado; Costilla de ratón; Deshilado; Hilo contado; Hilván; Lomillo; Macizo; Otomí; Pata de gallo; Pepenado; Pepenado en pliegue; Prendas tradicional; Puntada antigua; Puntada de satín; Puntada frontal; Punto de cruz; Relleno; Tejido de semilla; Tinte natural y tejido
algodón,Brocado; Discontinuo; Gasa fina y técnica de gasa; Labrado; Luchbilltaaval; Pima (nevome); Purépecha; Sarape fino de saltillo; Tafetán; Talakaxtokgo da makan; Telar colonial; Telar de cintura; Telar de pedal; Urdido
algodón coyuche,Telar de cintura
aro,Bordado primavera; Cola de ratón; Tejido de semilla
añil,Puntada antigua; Puntada frontal; Telar de cintura
bastidor,Bordado ch'ol tzeltal; Bordado con dos agujas; Bordado de dos agujas; Bordado tenango; Cadeneta o cadenilla; Contabilidad y vuelta por hilo; Contado; Costilla de ratón; Deshilado; Hilo contado; Hilván; Lomillo; Macizo; Otomí; Pata de gallo; Pepenado; Pepenado en pliegue; Puntada de satín; Punto de cruz; Relleno
botones,Prendas tradicional
cambray,Hilván; Pepenado; Pepenado en pliegue
cañamazo,Contabilidad y vuelta por hilo; Hilo contado; Punto de cruz
cera de campeche,Bordado de chaquira
chaquira,Bordado de chaquira
chatal,Tinte natural y tejido
cochinilla,Telar de cintura
cortezas,Telar de cintura
cuadrillé,Hilván; Pepenado; Punto de cruz
espinas de naranjo o limón,Punto confite
estambre,Telar de pedal; Trencilla; Trenzado
estambre acrilán,Culebrilla
fibra de maguey,Tejido de fibra natural
fibra natural,Pima (nevome); Trenzado
ganchillo,Croché
henequén,Tejido de fibra natural
hilaza,Bordado ch'ol tzeltal; Bordado con dos agujas; Bordado de dos agujas; Bordado tenango; Cadeneta o cadenilla; Costilla de ratón; Croché; Deshilado; Hilván; Lomillo; Macizo; Pata de gallo; Puntada de satín; Punto de cruz; Purépecha; Relleno; Telar de pedal
hilera,Deslizado; Puntada de red
hilo,Bordado de chaquira; Contado; Prendas tradicional; Puntada antigua; Puntada frontal; Sapo; Sarape fino de saltillo; Semilla; Tejido de semilla; Tinte natural y tejido; Tääsuun ekëëp
hilo crochet,Croché
hilo de algodón,Bordado ch'ol tzeltal; Bordado con dos agujas; Bordado de dos agujas; Bordado libre en maquina de pedal; Bordado primavera; Bordado tenango; Brocado; Cadeneta o cadenilla; Contabilidad y vuelta por hilo; Costilla de ratón; Croché; Culebrilla; Deshilado; Discontinuo; Gasa fina y técnica de gasa; Hilo contado; Hilván; Labrado; Lomillo; Luchbilltaaval; Macizo; Nëxuy; Otomí; Pata de gallo; Pepenado; Pepenado en pliegue; Puntada de satín; Punto confite; Punto de cruz; Purépecha; Rayado; Relleno; Tafetán; Talakaxtokgo da makan; Tejido de fibra natural; Telar de cintura; Telar de pedal; Tlajkitilistli; Trencilla; Trencilla mazahua; Trenzado; Urdido
hilo de algodón de colores,Bordados de chamula y larrainzar
hilo de seda,Brocado; Croché; Gasa fina y técnica de gasa; Hilván; Puntada de satín; Rayado; Tafetán; Telar de cintura
hilo industrial,Bordado libre en maquina de pedal
hilo iris,Deslizado; Puntada de red
hilo mish,Bordados de chamula y larrainzar
hilo vela,Cola de ratón; Otomí
hojas,Telar de cintura
hueso de guajolote,Punto confite
ixtle,Tejido de fibra natural; Trenzado
komen (urdidor),Sapo
lana,Brocado; Labrado; Tafetán; Tejido de fibra natural; Telar colonial; Trencilla; Trencilla mazahua; Trenzado; Urdido
lana de borrego,Purépecha; Sarape fino de saltillo; Telar de cintura; Telar de pedal
lanzadera,Brocado; Gasa fina y técnica de gasa; Labrado; Sarape fino de saltillo; Tafetán; Telar de cintura; Telar de pedal
leña,Prendas tradicional; Puntada antigua; Puntada frontal
lino,Bordado de dos agujas; Cadeneta o cadenilla; Contabilidad y vuelta por hilo; Culebrilla; Deshilado; Hilo contado; Hilván; Lomillo; Macizo; Pata de gallo; Pepenado; Pepenado en pliegue; Relleno
malacate,Telar de cintura; Urdido
manta,Cola de ratón; Culebrilla; Otomí; Prendas tradicional; Semilla
manta de algodón,Nëxuy
manta prelavada,Hilván
mecapal,Telar de cintura
mostacilla,Bordado de chaquira
máquina de coser,Tinte natural y tejido; Tääsuun ekëëp
máquina de pedal,Bordado libre en maquina de pedal; Nëxuy
máquina industrial,Deslizado; Puntada de red
ollas,Puntada antigua; Puntada frontal
palma,Tejido de fibra natural
palo de Campeche,Discontinuo
peine,Brocado; Labrado; Sarape fino de saltillo; Tafetán; Telar de pedal
peine de carrizo,Telar de cintura
pericón,Discontinuo
pita,Piteado
plancha de carbón,Prendas tradicional
plantas tintóreas,Contado
popelina,Bordado de dos agujas; Cadeneta o cadenilla; Deshilado; Hilván; Lomillo; Macizo; Pata de gallo; Relleno
rayón,Culebrilla
seda,Culebrilla
tela,Bordado ch'ol tzeltal; Bordado con dos agujas; Bordado de chaquira; Bordado libre en maquina de pedal; Bordado primavera; Bordados de chamula y larrainzar; Contado; Costilla de ratón; Prendas tradicional; Puntada antigua; Puntada de satín; Puntada frontal; Tejido de semilla; Tinte natural y tejido; Tääsuun ekëëp
tela blanca o de color,Deslizado; Puntada de red
tela de cuadrillé,Contabilidad y vuelta por hilo; Hilo contado
tela de manta,Bordado de dos agujas; Bordado tenango; Cadeneta o cadenilla; Deshilado; Hilván; Lomillo; Macizo; Pata de gallo; Pepenado; Pepenado en pliegue; Punto de cruz; Relleno
telar,Pima (nevome); Punto confite; Sapo
telar de cintura,Brocado; Culebrilla; Discontinuo; Gasa fina y técnica de gasa; Labrado; Luchbilltaaval; Purépecha; Tafetán; Talakaxtokgo da makan
telar de madera,Telar colonial
telar de pedal,Purépecha; Sarape fino de saltillo; Tafetán; Telar de pedal
telar pequeño,Trencilla
tijeras,Prendas tradicional
tijeras finas,Deshilado
tintes naturales,Brocado; Telar de cintura; Telar de pedal; Tinte natural y tejido
urdidor,Brocado; Gasa fina y técnica de gasa; Labrado; Telar de cintura; Urdido
vaqueta,Piteado
