technique_id,technique_no,technique_name,descripcion,historia_antecedentes,materiales,bibliografia,ready_for_platform
TEC013,13,Renacimiento,"El renacimiento es una labor calada documentada dentro del bordado yucateco. Se utiliza para formar dibujos amplios y complejos en hipiles y otras prendas regionales, y puede ejecutarse también a máquina. Su nivel de elaboración hace que se asocie con prendas de mayor costo y detalle ornamental (Terán y Contreras, pp. 16, 21).","En el sur de Yucatán, el renacimiento forma parte del repertorio de técnicas empleadas en hipiles de mayor elaboración y se asocia, en la documentación consultada, con prendas vinculadas a sectores de mayor capacidad económica. Su presencia en prendas realizadas a máquina muestra además cómo esta labor se ha integrado a transformaciones más recientes del bordado regional (Terán y Contreras, pp. 16, 21).","La técnica requiere una cantidad considerable de hilo y se aplica sobre prendas como los hipiles. Los pasajes localizados no permiten establecer un tipo único de fibra o soporte, por lo que conviene entender estos materiales como dependientes del contexto específico de elaboración (Terán y Contreras, pp. 16, 21).",Olga Silvia Terán y Contreras (s. f.). Del bordado sin valor al valor del bordado.,TRUE
TEC014,14,Tintes naturales,"El teñido con tintes naturales consiste en incorporar color a fibras o hilos mediante materias tintóreas obtenidas del entorno. En contextos nahuas y otomíes se documenta, por ejemplo, el uso de grana cochinilla para obtener tonos púrpura y de añil para producir azules, integrados después en prendas tejidas y bordadas (Gómez Martínez, 2014, p. 17).","El uso de colorantes naturales forma parte de una larga tradición de producción textil en México. Las fuentes revisadas registran materiales como el añil, la cochinilla, el caracol marino y diversas flores en contextos prehispánicos, y muestran que estos recursos continuaron empleándose posteriormente, aunque en algunos ámbitos fueron desplazados de manera parcial por tintes sintéticos durante los procesos de industrialización del siglo XX (Martínez Cruz, 2020, p. 7; Lechuga, 2009, p. 19).","Los materiales varían según el color buscado y la tradición local. Las fuentes registran lana y otros hilos textiles junto con materias tintóreas como grana cochinilla, añil, caracol marino y distintas flores, que actúan como fuentes naturales de color (Gómez Martínez, 2014, p. 17; Martínez Cruz, 2020, p. 7).","Gómez Martínez, A. (2014). Los textiles nahuas y otomíes: Arte, tradición y dinámica cultural indígena. Revista Inclusiones, 1(2), 74–99.
Martínez Cruz, A. (2020). El tejido del tiempo: el diseño en el textil prehispánico mexicano. Papeles de Cultura Contemporánea, 23, 133–146.
Lechuga, R. D. (2009). La indumentaria en el México indígena. Fondo Nacional para el Fomento de las Artesanías.",TRUE
TEC019,19,Empuntado,"El empuntado es un acabado ornamental que aprovecha los extremos libres de la urdimbre para formar flecos decorativos mediante nudos y enlazados. En los rebozos también recibe el nombre de rapacejo y puede desarrollarse en composiciones extensas; algunas variantes en macramé forman rombos y picos triangulares (Lechuga, 2009, p. 30; Gómez Martínez, 2014, p. 18).","El empuntado se consolidó como un trabajo especializado dentro de la elaboración de rebozos y otras prendas, hasta dar lugar a la figura de las empuntadoras dedicadas específicamente a estos remates. La técnica se documenta en distintas regiones del país, entre ellas la región lacustre de Michoacán, la Mixteca de la Costa, la Sierra de Puebla y la Meseta Tarasca, lo que permite reconocer su amplia presencia en tradiciones textiles regionales (Lechuga, 2009, p. 30).","La materia principal son los propios hilos de urdimbre que quedan libres en el borde de la pieza. A partir de ellos se construyen los nudos y enlazados, y en algunas variantes se incorporan chaquiras, bordados, borlas o pompones para enriquecer el remate (Lechuga, 2009, p. 30; Gómez Martínez, 2014, p. 18).","Lechuga, R. D. (2009). Las técnicas textiles en el México indígena. Fondo Nacional para el Fomento de las Artesanías.
Gómez Martínez, A. (2014). Los textiles nahuas y otomíes: Arte, tradición y dinámica cultural indígena. Revista Inclusiones, 1(2), 74–99.",TRUE
TEC037,37,Coralillo,"El coralillo es una puntada de bordado que forma una sucesión de pequeños nudos a lo largo de una línea. Su construcción se asemeja a la cadena torcida: la aguja atraviesa horizontalmente la línea de costura y emerge por el bucle del hilo, generando un nudo que se repite a poca distancia del anterior (Brown, 1994, p. 20).","El coralillo pertenece a una familia de puntadas de bordado documentada en manuales especializados bajo la denominación inglesa coral stitch. Esta referencia permite situarla dentro de un vocabulario técnico más amplio y facilita su comparación con descripciones de la misma estructura en otras tradiciones de bordado (Brown, 1994, p. 173).","La fuente consultada describe con claridad la estructura de la puntada, pero no establece un tipo específico de hilo, fibra o soporte como requisito general. Por ello, los materiales deben considerarse variables según la pieza y el contexto de bordado (Brown, 1994, p. 20).","Brown, P. (1994) The encyclopedia of embroidery techniques. East Roseville, N.S.W. : Simon and Schuster.",True
TEC049,49,Petatillo,"El petatillo es una técnica de bordado que produce una superficie tramada mediante el cruce ordenado de hilos. En la ejecución descrita por Romero, primero se trabaja medio satín en grupos de cinco hebras y después un segundo hilo cruza transversalmente, alternando por encima y por debajo de esos grupos hasta formar una textura regular semejante a un entramado (Romero, 2017, p. 60).","El petatillo se presenta como una labor capaz de desarrollar distintas variantes y combinaciones dentro de una misma composición. La documentación registra, por ejemplo, el petatillo a cinco hebras y la incorporación de colores y entrelazados adicionales, recursos que permiten modificar la textura y el contraste del relleno (Romero, 2017, pp. 60, 67).","Se trabaja con aguja de punta e hilos que pueden combinar uno o varios colores. El contraste cromático ayuda a hacer visible la estructura del entramado, aunque la técnica también puede ejecutarse en un solo tono (Romero, 2017, p. 60).","Romero, G. (2017) México Bordado, de la tradición al punto contemporáneo. Editorial Guatavo Gili. ISBN: 978-84-252-2938-1",TRUE
TEC051,51,Calado,"El término calado se utiliza para procedimientos textiles diferentes que comparten la creación de espacios abiertos en la superficie. En el cutwork descrito por Brown se delimitan y recortan áreas del tejido, mientras que el calado de urdimbre o tlapehpenalli documentado por Gómez Martínez reorganiza capas de urdimbre e incorpora hilos contrastantes para formar motivos. Estas acepciones deben distinguirse según su procedimiento (Brown, 1994, p. 111; Gómez Martínez, 2014, p. 14).","El término calado reúne procedimientos que no siempre corresponden a una misma construcción técnica. En la bibliografía revisada, Brown describe formas de cutwork propias del bordado calado, mientras que Gómez Martínez emplea la denominación tlapehpenalli para referirse al calado de urdimbre en un contexto textil mexicano. Esta diversidad de usos hace necesario distinguir cada acepción según su procedimiento y contexto, en lugar de atribuirles un origen común (Brown, 1994, p. 111; Gómez Martínez, 2014, p. 14).","Los materiales dependen de la variante. En el cutwork descrito por Brown se emplean hilos de algodón o lino trenzado, elegidos para armonizar con el tejido de fondo o generar un contraste ligero. Esta información corresponde únicamente a esa modalidad y no debe extrapolarse al calado de urdimbre (Brown, 1994, p. 111).","Brown, P. (1994) The encyclopedia of embroidery techniques. East Roseville, N.S.W. : Simon and Schuster.
Gómez Martínez, A. (2014). Los textiles nahuas y otomíes: Arte, tradición y dinámica cultural indígena. Revista Inclusiones, 1(2), 74–99.",True
TEC053,53,Bordado mazahua,"El bordado mazahua es una práctica textil asociada a comunidades mazahuas del Estado de México y se caracteriza, en las fuentes revisadas, por una ejecución regular y compleja organizada mediante patrones de repetición. En el procedimiento descrito por Romero, el trabajo se realiza sin nudos, lo que forma parte de su lógica técnica específica (Goodman, 1976, p. 25; Romero, 2017, pp. 5, 72, 102).","El bordado mazahua se documenta como parte de las prácticas textiles asociadas a comunidades mazahuas del Estado de México. Las fuentes consultadas permiten reconocer esta relación cultural y territorial, aunque la evidencia reunida no es suficiente para atribuir a una sola localidad el origen exclusivo de la técnica o de todas sus variantes (Romero, 2017, pp. 5, 189; Goodman, 1976, p. 25).","Las fuentes permiten reconocer motivos como cruces, aves y mamíferos y documentan su aplicación en objetos textiles como cubiertas de mesa. Sin embargo, la evidencia reunida no permite establecer un conjunto único de fibras, hilos o herramientas aplicable a todas las variantes del bordado mazahua (Goodman, 1976, p. 25).","Romero, G. (2017) México Bordado, de la tradición al punto contemporáneo. Editorial Guatavo Gili. ISBN: 978-84-252-2938-1
Goodman, F. S. (1976). The embroidery of Mexico and Guatemala. Charles Scribner's Sons.",True
TEC055,55,Tejido en curva y brocado,"El tejido en curva y el brocado son recursos decorativos que modifican la superficie del tejido mediante hilos adicionales y cambios en la organización de la urdimbre. En el brocado se seleccionan hilos de urdimbre y se incorporan hilos suplementarios de colores para construir el diseño; en el tejido en curva se añaden bandas de hilos contrastantes que pasan a funcionar como nuevas urdimbres dentro del telar de cintura (Gómez Martínez, 2014, pp. 14–15).","En los contextos otomíes y nahuas estudiados, el tejido en curva aparece vinculado a la elaboración de quechquémitl y a usos de carácter ceremonial. Estas prendas pueden incorporar composiciones simbólicas y representaciones relacionadas con animales mitológicos, de modo que la construcción y la decoración del textil participan también en la expresión de significados culturales específicos (Gómez Martínez, 2014, pp. 25, 28).","Ambos procedimientos trabajan con los hilos estructurales del tejido y con hilos decorativos adicionales. En el brocado se documentan hilos suplementarios policromados; en piezas de tejido en curva también aparecen hilos de lana teñida en bordados y puntadas de lomillo. La fuente no establece un único tipo de fibra para todos los casos (Gómez Martínez, 2014, pp. 14–15, 23).","Gómez Martínez, A. (2014). Los textiles nahuas y otomíes: Arte, tradición y dinámica cultural indígena. Revista Inclusiones, 1(2), 74–99.",True
TEC069,69,Randa de aguja,"La randa de aguja es una labor abierta semejante a un encaje que se construye libremente con aguja e hilo. Suele iniciarse desde el borde de una tela y puede funcionar tanto como elemento decorativo como medio de unión entre dos lienzos (Lechuga, 2009, p. 33).","La randa de aguja se integra a diversas tradiciones textiles como recurso de unión y ornamentación entre piezas. Lechuga documenta su uso en Tolimán, Querétaro; en camisas de San Antonino, Oaxaca; y en quechquémitl de Santa Ana Hueytlalpan, Hidalgo, lo que muestra la adaptación de esta labor a prendas y contextos regionales distintos (Lechuga, 2009, pp. 28, 33).","Los elementos esenciales son la aguja, el hilo y los bordes textiles sobre los que se construye la randa. En Santa Ana Hueytlalpan se documenta, por ejemplo, una ancha banda de unión realizada con lana roja (Lechuga, 2009, p. 33).","Lechuga, R. D. (2009). Las técnicas textiles en el México indígena. Fondo Nacional para el Fomento de las Artesanías.
Lechuga, R. D. (2009). La indumentaria en el México indígena. Fondo Nacional para el Fomento de las Artesanías.",TRUE
TEC072,72,Xmanikté,"El xmanikté es un bordado yucateco realizado sobre una base previamente deshilada. La fuente consultada lo presenta como una técnica con denominación propia en maya y sin un equivalente nominal directo en español, integrada al repertorio de bordado manual de la región (Terán y Contreras, p. 9).","El xmanikté conserva un lugar particular dentro del repertorio regional estudiado en Yucatán. Terán y Contreras lo mencionan, junto con el chuy kab, entre las puntadas que podrían mantener una continuidad de origen prehispánico y destacan su permanencia frente a otras labores que se han transformado o dejado de practicarse. Esta interpretación corresponde a la lectura histórica propuesta por la fuente (Terán y Contreras, pp. 9, 78).","Su construcción parte de una tela deshilada sobre la que se realiza el bordado. Los pasajes localizados no especifican fibras, agujas o tipos de hilo concretos, por lo que no es posible establecer materiales universales más allá de esa relación entre soporte deshilado e hilo de bordado (Terán y Contreras, p. 9).",Olga Silvia Terán y Contreras (s. f.). Del bordado sin valor al valor del bordado.,TRUE
TEC078,78,Hilado con malacate,"El hilado con malacate transforma fibras sueltas en un hilo continuo mediante torsión. Las fibras se estiran y giran hasta quedar unidas, y cuando se necesita un hilo más grueso varias hebras pueden volver a torcerse juntas para formar torzales de tres a seis cabos (Burnham, 1980, p. 149; Gómez Martínez, 2014, p. 17).","El hilado constituye una etapa fundamental para transformar fibras sueltas en un hilo continuo antes del tejido. La bibliografía describe desde procedimientos manuales elementales hasta el uso de husos o malacates para dar torsión a las fibras; en el contexto mexicano estudiado, Gómez Martínez documenta además la formación de torzales mediante la unión y nueva torsión de varias hebras de algodón (Burnham, 1980, p. 149; Gómez Martínez, 2014, p. 17).","El proceso requiere fibras aptas para hilar y un malacate, es decir, una varilla o palo que facilita la torsión y la formación del hilo. En el contexto mexicano descrito por Gómez Martínez se documentan hilos de algodón de uno y dos cabos como parte del circuito de producción y abastecimiento textil (Gómez Martínez, 2014, p. 17; Burnham, 1980, p. 149).","Burnham, D. K. (1980). Wrap and weft: A textile terminology. Royal Ontario Museum.
Gómez Martínez, A. (2014). Los textiles nahuas y otomíes: Arte, tradición y dinámica cultural indígena. Revista Inclusiones, 1(2), 74–99.",True
TEC081,81,Apliqué,"El apliqué consiste en añadir formas recortadas de una tela sobre otra superficie textil y fijarlas mediante costura o bordado. Según el procedimiento, las piezas pueden superponerse o recortarse alrededor de las zonas cosidas para construir figuras y composiciones ornamentales (Watson, 1921, p. 401; Paine, 1990, p. 214).","El apliqué cuenta con una amplia documentación histórica como recurso de ornamentación textil. Paine registra su presencia en Europa durante los siglos XVI y XVII, particularmente en colgantes de cama y tapices de viviendas de alto estatus, y muestra que la técnica continuó utilizándose en contextos posteriores con motivos y funciones diversos. Estos ejemplos ilustran su trayectoria histórica sin implicar que todos los apliqués compartan el mismo origen o uso social (Paine, 1990, p. 214).","La técnica combina una tela de base con piezas recortadas que se añaden sobre ella. Las fuentes documentan además el uso de cuentas y pequeños espejos como elementos complementarios, de modo que los materiales pueden variar según el efecto ornamental buscado (Paine, 1990, p. 214).","Paine, M. (1990) The taxtile art in interior design. Simon and Schuster. ISBN 0-671-70534-2
Watson, W. (1921). Textile design and colour: Elementary weaves and figured fabrics (2.ª ed.). Longmans, Green and Co.
Birrell, V. L. (1973). The textile arts: A handbook of weaving, braiding, printing, and other textile techniques (3.ª ed.). New York: Schocken Books.",True
TEC082,82,Hazme si puedes,"“Hazme si puedes” es un motivo bordado asociado a trabajos de smocking en prendas de San Antonino y Ocotlán, Oaxaca. Su ejecución organiza las puntadas de forma compleja para construir figuras humanas y otros motivos dentro de la superficie fruncida o bordada (Goodman, 1976, p. 28; Campos Franco et al., 2022, p. 28).","En San Antonino, el bordado conocido como «hazme si puedes» forma parte de un repertorio local al que se atribuyen significados relacionados con la unión, el matrimonio y la vida comunitaria. La investigación lo vincula con la noción de Gueza y muestra que su transmisión depende de procesos familiares y comunitarios que no siempre se mantienen de una generación a otra (Campos Franco et al., 2022, pp. 28, 34, 53).","En los casos documentados se trabaja sobre telas de algodón, manta o lana. La técnica aparece tanto en blusas y vestidos como en objetos contemporáneos —entre ellos cubrebocas, pulseras y diademas—, lo que muestra su adaptación a distintos soportes textiles (Campos Franco et al., 2022, pp. 53, 58).","Campos Franco, F. S., González Piña, M., & Morales Martínez, M. A. (2022). Des(hilando) conceptos: Construcción de identidad y comunidad a través del bordado en el colectivo Aguja de Plata de San Antonino Castillo Velasco, Oaxaca [Trabajo terminal para obtener el grado de Licenciatura en Psicología, Universidad Autónoma Metropolitana, Unidad Xochimilco].
Goodman, F. S. (1976). The embroidery of Mexico and Guatemala. Charles Scribner's Sons.",True
TEC084,84,Bordados en chaquira,"Los bordados en chaquira incorporan pequeñas cuentas como recurso ornamental sobre prendas y otros objetos textiles. Las fuentes documentan su uso en camisas, accesorios y adornos corporales, aunque la evidencia disponible no permite reducir todos estos trabajos a un único método de fijación o puntada (Castelló & Mapelli, 1998, pp. 35, 50, 53).","El uso de chaquira como elemento ornamental posee una presencia histórica amplia en los trabajos textiles. Castelló y Mapelli señalan que su empleo se remonta a periodos tempranos, aunque la fragilidad de este material ha limitado la conservación de algunas piezas; también documentan su utilización en camisas de regiones de la Sierra Madre, donde se integra a composiciones decorativas sobre la indumentaria (Castelló & Mapelli, 1998, pp. 50, 53).","La chaquira constituye el principal elemento decorativo y se aplica sobre distintos soportes textiles. Se documenta en camisas y también en accesorios como diademas, collares, broches, pendientes y pulseras, donde puede organizarse en motivos florales y otras composiciones (Castelló & Mapelli, 1998, pp. 35, 53).","Castelló T., Mapelli C. (1998) La chaquira en México. Colección uso y estilo. Museo Franz Mayer.",True
TEC087,87,Zigzag,"Zigzag designa distintos efectos técnicos y visuales caracterizados por una trayectoria quebrada y repetitiva. Puede aparecer como una costura a máquina, como patrón estructural de tejido o como configuración de bordado, por lo que cada uso debe entenderse según su contexto y no como una única técnica universal (Brown, 1994, p. 85; Paine, 1990, p. 33; Birrell, 1973, p. 145; Romero, 2017, p. 89).","El zigzag aparece en la bibliografía como una denominación técnica utilizada en distintos repertorios de bordado y descripción textil. Su presencia en contextos diversos sugiere que se trata de una forma estructural ampliamente reconocible, aunque la evidencia reunida no permite atribuir todas sus variantes a una misma tradición histórica o geográfica (Goodman, 1976, p. 47).","Los materiales dependen de la modalidad. En un tejido a dos tonos descrito por Birrell, el efecto se construye mediante el contraste entre dos colores; en otras acepciones intervienen hilos de costura o bordado. La evidencia disponible no permite definir un conjunto único de materiales para todos los usos del término (Birrell, 1973, p. 145).","Paine, M. (1990) The taxtile art in interior design. Simon and Schuster. ISBN 0-671-70534-2
Birrell, V. L. (1973). The textile arts: A handbook of weaving, braiding, printing, and other textile techniques (3.ª ed.). New York: Schocken Books.
Brown, P. (1994) The encyclopedia of embroidery techniques. East Roseville, N.S.W. : Simon and Schuster.
Romero, G. (2017) México Bordado, de la tradición al punto contemporáneo. Editorial Guatavo Gili. ISBN: 978-84-252-2938-1
Goodman, F. S. (1976). The embroidery of Mexico and Guatemala. Charles Scribner's Sons.",True
TEC093,93,Macrame,"El macramé es una técnica de anudado que construye superficies, franjas o remates mediante la combinación ordenada de nudos. Puede utilizarse para formar tejidos completos o para trabajar flecos, como ocurre en algunos empuntados mexicanos donde los hilos se organizan en rombos y picos triangulares (Birrell, 1973, p. 343; Gómez Martínez, 2014, p. 18).","El macramé forma parte de una tradición de trabajos construidos mediante nudos. Birrell relaciona históricamente el término con el árabe y con su difusión por el Mediterráneo, incluida su llegada a España; en México, las fuentes lo documentan en empuntados y en piezas ornamentadas con chaquira, lo que muestra su adaptación a distintos usos dentro de la producción textil (Birrell, 1973, p. 343; Castelló & Mapelli, 1998, pp. 42, 50; Gómez Martínez, 2014, p. 18).","La técnica se realiza principalmente con hilos o flecos que funcionan como elementos de anudado. En algunas variantes mexicanas se incorporan cuentas de chaquira dentro de los hilos del rapacejo para enriquecer el remate decorativo (Gómez Martínez, 2014, p. 18).","Birrell, V. L. (1973). The textile arts: A handbook of weaving, braiding, printing, and other textile techniques (3.ª ed.). New York: Schocken Books.
Gómez Martínez, A. (2014). Los textiles nahuas y otomíes: Arte, tradición y dinámica cultural indígena. Revista Inclusiones, 1(2), 74–99.
Castelló T., Mapelli C. (1998) La chaquira en México. Colección uso y estilo. Museo Franz Mayer.",TRUE
TEC098,98,Punto atrás,"El punto atrás forma una línea continua de puntadas regulares que se tocan de extremo a extremo. La aguja avanza por debajo del tejido y retrocede sobre la superficie para cerrar cada tramo, creando una costura firme; existen variantes que combinan esta estructura con otros puntos, como la cadena (Birrell, 1973, pp. 369, 373).","El punto atrás forma parte de las puntadas básicas de bordado y se reconoce en la bibliografía especializada como una denominación técnica estable para este tipo de construcción. La fuente consultada confirma el uso del término en español, aunque la evidencia disponible en el corpus no aporta elementos suficientes para reconstruir con precisión su origen o difusión regional (Brown, 1994, p. 173).","La técnica se realiza con aguja e hilo y puede trabajarse con una sola hebra, según el contexto documentado. Las fuentes también registran su uso sobre líneas previamente trazadas y en combinaciones con otras puntadas, por lo que el grosor y tipo de hilo dependen del soporte y del efecto buscado (Gómez Martínez, 2014, p. 15; Brown, 1994, p. 11).","Birrell, V. L. (1973). The textile arts: A handbook of weaving, braiding, printing, and other textile techniques (3.ª ed.). New York: Schocken Books.
Gómez Martínez, A. (2014). Los textiles nahuas y otomíes: Arte, tradición y dinámica cultural indígena. Revista Inclusiones, 1(2), 74–99.
Brown, P. (1994) The encyclopedia of embroidery techniques. East Roseville, N.S.W. : Simon and Schuster.",True
TEC106,106,Croché,"El croché es una labor de enlace realizada con gancho que, en San Antonino Castillo Velasco, se utiliza para elaborar puños, cuellos y randas. Las fuentes documentan diferentes patrones, entre ellos las llamadas “rositas”, consideradas un tejido fino dentro de la prenda (Campos Franco et al., 2022, p. 25).","En San Antonino, el croché se reconoce como una técnica de origen europeo incorporada al repertorio textil local. Con el tiempo se ha integrado a composiciones que combinan distintas labores, entre ellas el deshilado, la randa, el tejido de semilla y el bordado «hazme si puedes», lo que muestra su adaptación dentro de una tradición regional dinámica (Campos Franco et al., 2022, pp. 25, 28).","Se trabaja con hilos aptos para crochet y con un gancho como herramienta principal. En San Antonino se documentan hilos de algodón y seda dentro de las labores textiles asociadas a esta técnica (Campos Franco et al., 2022, p. 25).","Campos Franco, F. S., González Piña, M., & Morales Martínez, M. A. (2022). Des(hilando) conceptos: Construcción de identidad y comunidad a través del bordado en el colectivo Aguja de Plata de San Antonino Castillo Velasco, Oaxaca [Trabajo terminal para obtener el grado de Licenciatura en Psicología, Universidad Autónoma Metropolitana, Unidad Xochimilco].",TRUE
TEC111,111,Otomí,"El bordado otomí forma parte de conjuntos textiles en los que la decoración se integra a prendas tejidas mediante distintas puntadas y motivos. En un quechquemitl documentado por Gómez Martínez aparece el punto lomillo formando árboles de la vida, mientras que Romero destaca la importancia del reverso dentro de la ejecución técnica (Gómez Martínez, 2014, p. 19; Romero, 2017, p. 20).","Las prácticas agrupadas en esta ficha se documentan en contextos textiles otomíes y forman parte de repertorios vinculados a comunidades específicas. Las fuentes permiten reconocer esta asociación cultural y territorial, aunque la evidencia reunida no permite reducir la diversidad de variantes a un único origen o a una sola forma de ejecución (Romero, 2017, p. 189; Gómez Martínez, 2014, p. 19).","En el procedimiento descrito por Romero se utiliza hilo de algodón mouliné a tres hebras, una aguja de ojal largo calibre 22 y tejido de algodón como soporte. Estos materiales corresponden al caso documentado y no necesariamente a todas las variantes del bordado otomí (Romero, 2017, p. 20).","Romero, G. (2017) México Bordado, de la tradición al punto contemporáneo. Editorial Guatavo Gili. ISBN: 978-84-252-2938-1
Gómez Martínez, A. (2014). Los textiles nahuas y otomíes: Arte, tradición y dinámica cultural indígena. Revista Inclusiones, 1(2), 74–99.",True
TEC115,115,Puntada de satín,"La puntada de satín crea superficies lisas y compactas mediante puntadas paralelas que cubren una zona del tejido. Puede emplearse para rellenar motivos, rematar bordes o unir elementos, y en trabajos de mayor volumen puede formar relieves acolchados o combinarse con otras puntadas decorativas (Paine, 1990, p. 205; Birrell, 1973, pp. 385–386; Goodman, 1976, pp. 65–66, 84).","La puntada de satín pertenece a una familia de puntadas de relleno que admite distintas formas de ejecución. Brown registra, entre sus variantes, la denominada encroaching satin stitch, lo que permite reconocer que una misma estructura básica puede modificarse para adaptarse a diferentes superficies y efectos de bordado (Brown, 1994, p. 174).","La técnica se trabaja con hilo sobre una tela de soporte y, en algunos ejemplos, sobre tiras estrechas de seda. El tipo de hilo y soporte varía según la aplicación, desde remates y uniones hasta rellenos amplios y composiciones combinadas con otras puntadas (Paine, 1990, p. 205; Goodman, 1976, p. 84).","Goodman, F. S. (1976). The embroidery of Mexico and Guatemala. Charles Scribner's Sons.
Paine, M. (1990) The taxtile art in interior design. Simon and Schuster. ISBN 0-671-70534-2
Birrell, V. L. (1973). The textile arts: A handbook of weaving, braiding, printing, and other textile techniques (3.ª ed.). New York: Schocken Books.
Brown, P. (1994) The encyclopedia of embroidery techniques. East Roseville, N.S.W. : Simon and Schuster.",True
TEC116,116,Tafetán,"El tafetán es una de las estructuras básicas del tejido y se forma al alternar regularmente los hilos de trama por encima y por debajo de los hilos de urdimbre. Esta secuencia sencilla produce una superficie estable y constituye un principio fundamental para la elaboración de lienzos (Gómez Martínez, 2014, pp. 14, 18).","El tafetán constituye una de las estructuras más sencillas y fundamentales del tejido. En la documentación revisada se presenta como un principio básico para formar una manta mediante la alternancia regular de trama y urdimbre, por lo que sirve como referencia para comprender construcciones textiles de mayor complejidad (Gómez Martínez, 2014, pp. 14, 18).","Su construcción requiere dos sistemas de hilos: urdimbre y trama. La fuente consultada describe la lógica estructural del tejido, pero no establece una fibra específica como requisito general, por lo que los materiales pueden variar según la pieza y el contexto (Gómez Martínez, 2014, pp. 14, 18).","Gómez Martínez, A. (2014). Los textiles nahuas y otomíes: Arte, tradición y dinámica cultural indígena. Revista Inclusiones, 1(2), 74–99.",True
TEC119,119,Urdido,"El urdido es la etapa de preparación en la que se ordenan y miden los hilos que formarán la urdimbre antes de iniciar el tejido. Los hilos se disponen sobre un urdidor siguiendo un recorrido que conserva su orden y separa hebras pares e impares; la distancia y el número de vueltas determinan el largo y el ancho futuros del lienzo (Lechuga, 2009, p. 21).","El urdido no solo prepara la disposición de los hilos que formarán un tejido, sino que también puede participar directamente en su efecto decorativo. En textiles nahuas y otomíes, Gómez Martínez documenta urdidos que combinan hilos de dos colores y manipulan distintas capas para producir flotados y figuras geométricas, mostrando la dimensión visual que puede adquirir esta etapa del proceso (Gómez Martínez, 2014, p. 14).","Se utilizan los hilos que conformarán la urdimbre y un urdidor, que puede ser tan simple como un sistema de estacas o varas. En uno de los ejemplos documentados se combinan hilos rojos y blancos, mostrando que la disposición cromática puede definirse desde esta etapa preparatoria (Gómez Martínez, 2014, p. 14; Lechuga, 2009, p. 21).","Lechuga, R. D. (2009). Las técnicas textiles en el México indígena. Fondo Nacional para el Fomento de las Artesanías.
Gómez Martínez, A. (2014). Los textiles nahuas y otomíes: Arte, tradición y dinámica cultural indígena. Revista Inclusiones, 1(2), 74–99.",TRUE
TEC121,121,Purépecha,"En la evidencia revisada, la denominación purépecha se relaciona con un trabajo de cuentas realizado mediante entorchado. El procedimiento enlaza las cuentas sobre las fibras de trama para construir figuras decorativas integradas a la superficie textil (Castelló & Mapelli, 1998, p. 77).","El bordado purépecha forma parte de los repertorios regionales recogidos en estudios sobre bordados de México. Romero dedica un apartado específico a esta tradición, lo que permite situarla dentro de un contexto cultural definido; sin embargo, la evidencia reunida en esta revisión no es suficiente para establecer un origen histórico único ni para describir toda la diversidad interna de sus variantes (Romero, 2017, p. 3).","El trabajo utiliza cuentas como elemento ornamental y las fibras de trama como soporte para su enlace. La evidencia disponible permite describir esta relación material, pero no establecer otros insumos o herramientas como requisitos generales de la técnica (Castelló & Mapelli, 1998, p. 77).","Romero, G. (2017) México Bordado, de la tradición al punto contemporáneo. Editorial Guatavo Gili. ISBN: 978-84-252-2938-1
Castelló T., Mapelli C. (1998) La chaquira en México. Colección uso y estilo. Museo Franz Mayer.",True
TEC123,123,Hilo contado,"El hilo contado es una forma de bordado basada en el conteo regular de los hilos o espacios del tejido para organizar el diseño. En Yucatán se emplea como denominación regional del punto de cruz, conocido en maya como xok bi chuy, y puede apoyarse en una tela auxiliar para mantener la regularidad de las puntadas (Terán y Contreras, p. 9; Lechuga, 2009, p. 30).","En Yucatán, el hilo contado adquirió un lugar destacado dentro del bordado regional. Terán y Contreras lo relacionan con el punto de cruz y señalan que su introducción estuvo vinculada a la presencia española; con el tiempo, la técnica alcanzó un notable prestigio social y pasó a formar parte de prendas emblemáticas como hipiles y ternos, especialmente en piezas de mayor elaboración (Terán y Contreras, pp. 9, 16–21).","La técnica utiliza hilo de bordado sobre una tela de soporte. En el procedimiento documentado por Lechuga se coloca canevá sobre una prenda de popelina como guía temporal para contar las puntadas; una vez terminado el bordado, las hebras del canevá se retiran (Lechuga, 2009, p. 30).","Olga Silvia Terán y Contreras (s. f.). Del bordado sin valor al valor del bordado.
Lechuga, R. D. (2009). Las técnicas textiles en el México indígena. Fondo Nacional para el Fomento de las Artesanías.",TRUE
TEC125,125,Punto de cruz,"El punto de cruz forma motivos mediante la repetición ordenada de puntadas en forma de “X”. Estas cruces se organizan en hileras y, cuando la ejecución es regular, pueden producir en el reverso una secuencia de barras lineales (Paine, 1990, p. 208; Gómez Martínez, 2014, p. 15).","El punto de cruz se ha incorporado a tradiciones textiles diversas y puede recibir denominaciones distintas según el contexto. En Yucatán se conoce también como «hilo contado» o xok bi chuy y la fuente consultada lo presenta como una técnica de introducción hispana que adquirió gran prestigio regional; en otros contextos, Gómez Martínez registra nombres como punto lomillo y punto de cruz largo, aunque no siempre es posible determinar si corresponden a sinónimos o a variantes diferenciadas. También se documenta su uso para bordar frases de carácter religioso o afectivo (Terán y Contreras, p. 9; Gómez Martínez, 2014, pp. 15, 18; Castelló & Mapelli, 1998, p. 40).","Se realiza con aguja e hilo sobre una tela que permita mantener la regularidad del conteo. Paine documenta el uso frecuente de hilo de lana y, en algunos casos, seda; en contextos mexicanos también aparecen variantes relacionadas con el punto lomillo o punto de cruz largo (Paine, 1990, p. 208; Gómez Martínez, 2014, p. 18).","Paine, M. (1990) The taxtile art in interior design. Simon and Schuster. ISBN 0-671-70534-2
Gómez Martínez, A. (2014). Los textiles nahuas y otomíes: Arte, tradición y dinámica cultural indígena. Revista Inclusiones, 1(2), 74–99.
Castelló T., Mapelli C. (1998) La chaquira en México. Colección uso y estilo. Museo Franz Mayer.
Olga Silvia Terán y Contreras (s. f.). Del bordado sin valor al valor del bordado.",True
TEC138,137,Cadeneta o cadenilla,"La cadeneta o cadenilla forma una sucesión continua de bucles enlazados que producen una línea semejante a una cadena. Puede emplearse para delinear motivos, construir pequeñas ramas o formar superficies decorativas, y en algunas variantes históricas se ejecuta con gancho en lugar de aguja (Paine, 1990, pp. 203–204; Goodman, 1976, p. 73).","La cadeneta o cadenilla pertenece a una amplia familia de puntadas que forman una sucesión continua de eslabones. Las fuentes revisadas documentan su uso tanto en trabajos de crewel como en encajes de seda del siglo XVIII y en pequeños motivos vegetales, lo que muestra la capacidad de esta puntada para adaptarse a funciones decorativas y soportes diversos (Paine, 1990, pp. 203–204; Goodman, 1976, p. 73).","La fuente revisada documenta el uso de gancho para formar la cadena continua en determinadas variantes. El tipo de hilo y soporte depende de la pieza y del contexto, y la evidencia disponible no permite fijar una fibra única como requisito general (Paine, 1990, p. 204).","Paine, M. (1990) The taxtile art in interior design. Simon and Schuster. ISBN 0-671-70534-2
Goodman, F. S. (1976). The embroidery of Mexico and Guatemala. Charles Scribner's Sons.",True
TEC140,140,Bordado tenango,"El bordado tenango construye figuras mediante puntadas que se adaptan al contorno y a las divisiones internas del dibujo. Puede trabajarse en un solo color o con varias tonalidades distribuidas por franjas, y combina recursos de relleno con puntadas lineales como el punto tallo (Romero, 2017, pp. 23, 26–27).","El bordado tenango contemporáneo se caracteriza por un repertorio de rellenos que ha cambiado con el tiempo. Romero identifica la pata de gallo —a la que denomina «pata tenanga» para distinguirla de puntadas homónimas— como el recurso predominante en la actualidad, mientras que otros puntos de mayor complejidad, como xi y hini, se encuentran en desuso. Esta transformación permite observar cómo la tradición se adapta a nuevas condiciones de producción y aprendizaje (Romero, 2017, p. 18).","Las fuentes documentan bases de algodón blanco y el uso de hilos monocromáticos o multicolores para desarrollar los motivos. La elección cromática forma parte de la composición y puede variar dentro de una misma figura o entre distintas piezas (Goodman, 1976, p. 78; Romero, 2017, p. 23).","Goodman, F. S. (1976). The embroidery of Mexico and Guatemala. Charles Scribner's Sons.
Romero, G. (2017) México Bordado, de la tradición al punto contemporáneo. Editorial Guatavo Gili. ISBN: 978-84-252-2938-1",True
TEC141,141,Brocado,"El brocado es un recurso de tejido ornamental en el que hilos adicionales o efectos figurados producen diseños visibles sobre la superficie. Las fuentes históricas y técnicas utilizan el término con alcances distintos —desde tejidos de seda con relieve hasta tejidos jacquard o estructuras con hilos suplementarios—, por lo que su definición debe leerse según el contexto de cada pieza (Watson, 1921, p. 406; Grosicki, 1975, p. 322; Paine, 1990, p. 13).","El término brocado ha cambiado de alcance a lo largo del tiempo y puede referirse a construcciones textiles distintas según la tradición y la fuente. En la bibliografía general aparece primero asociado a tejidos de seda ricamente ornamentados y posteriormente a un uso más amplio para tejidos figurados realizados en jacquard. Por ello, los antecedentes históricos deben leerse como contextos específicos y no como una definición única aplicable a todas las prácticas llamadas brocado (Watson, 1921, p. 406; Grosicki, 1975, p. 322; Paine, 1990, p. 13).","Los materiales varían según la tradición y el tipo de brocado. Las fuentes generales documentan seda en ciertos ejemplos, mientras que en contextos mexicanos también se registra el uso de tzohmitl o pelo de borrego en trabajos asociados con brocado y bordado. No existe, por tanto, un único material de base aplicable a todos los casos (Watson, 1921, p. 406; Gómez Martínez, 2014, p. 12).","Watson, W. (1921). Textile design and colour: Elementary weaves and figured fabrics (2.ª ed.). Longmans, Green and Co.
Paine, M. (1990) The taxtile art in interior design. Simon and Schuster. ISBN 0-671-70534-2
Birrell, V. L. (1973). The textile arts: A handbook of weaving, braiding, printing, and other textile techniques (3.ª ed.). New York: Schocken Books.
Goodman, F. S. (1976). The embroidery of Mexico and Guatemala. Charles Scribner's Sons.
Gómez Martínez, A. (2014). Los textiles nahuas y otomíes: Arte, tradición y dinámica cultural indígena. Revista Inclusiones, 1(2), 74–99.",True
TEC142,142,Deshilado,"El deshilado modifica una tela ya tejida mediante la extracción selectiva de algunos hilos para crear espacios abiertos. Los hilos restantes pueden organizarse, agruparse o reforzarse y la labor puede combinarse con bordado u otras técnicas, generando zonas caladas dentro de la prenda (Campos Franco et al., 2022, pp. 18, 22, 24).","En San Antonino, el deshilado se integró a la tradición textil local durante el Porfiriato y su aprendizaje se transmitió principalmente entre mujeres en ámbitos domésticos y comunitarios. La misma fuente registra su presencia en otros estados del centro de México, lo que permite situarlo dentro de una circulación más amplia de saberes y técnicas de ornamentación textil (Campos Franco et al., 2022, p. 24).","La técnica parte de una tela de soporte de la que se retiran hilos de manera controlada. En San Antonino se documenta dentro de procesos que incluyen corte, tejido y bordado, con el uso de hilos de algodón y seda en las labores textiles asociadas (Campos Franco et al., 2022, pp. 18, 22, 25).","Campos Franco, F. S., González Piña, M., & Morales Martínez, M. A. (2022). Des(hilando) conceptos: Construcción de identidad y comunidad a través del bordado en el colectivo Aguja de Plata de San Antonino Castillo Velasco, Oaxaca [Trabajo terminal para obtener el grado de Licenciatura en Psicología, Universidad Autónoma Metropolitana, Unidad Xochimilco].",TRUE
TEC143,143,Tejido de semilla,"El tejido de semilla aparece documentado como una labor decorativa integrada a las prendas de San Antonino Castillo Velasco. Se combina con otras técnicas como deshilado, randa de crochet y “hazme si puedes”, y se aplica tanto en blusas y vestidos como en otros objetos textiles (Campos Franco et al., 2022, pp. 28, 53, 58).","El tejido de semilla forma parte del repertorio contemporáneo de labores reconocibles en las prendas de San Antonino. La fuente lo documenta combinado con motivos florales y con otras técnicas locales, de modo que su presencia se entiende mejor como parte de composiciones textiles complejas que como un recurso utilizado de manera aislada (Campos Franco et al., 2022, pp. 28, 53).","Los pasajes revisados confirman su presencia dentro de prendas y objetos textiles, pero no describen con suficiente detalle los materiales exclusivos ni el procedimiento constructivo. Por ello, no es posible definir con rigor una combinación específica de fibras, hilos o herramientas a partir de la evidencia disponible.","Campos Franco, F. S., González Piña, M., & Morales Martínez, M. A. (2022). Des(hilando) conceptos: Construcción de identidad y comunidad a través del bordado en el colectivo Aguja de Plata de San Antonino Castillo Velasco, Oaxaca [Trabajo terminal para obtener el grado de Licenciatura en Psicología, Universidad Autónoma Metropolitana, Unidad Xochimilco].",TRUE
TEC146,146,Pata de gallo,"La pata de gallo es una denominación utilizada para determinadas puntadas de relleno, aunque su significado puede variar entre tradiciones. En el bordado tenango contemporáneo, Romero identifica una variante característica y propone denominarla “pata tenanga” para distinguirla de otras puntadas que reciben el mismo nombre (Romero, 2017, p. 18).","En Tenango, la pata de gallo se ha convertido en uno de los principales recursos de relleno del bordado local. Su predominio actual se relaciona con el desuso de puntadas más complejas, como xi y hini, y con cambios en el interés por aprenderlas. La expansión de la producción de piezas de pata de gallo de Tenango, Hidalgo, muestra además la relevancia que esta puntada ha adquirido dentro de la identificación contemporánea de estos textiles (Romero, 2017, p. 18; Lechuga, 2009, p. 37).","La evidencia revisada la sitúa en piezas bordadas de Tenango y permite reconocer su función como puntada de relleno. Sin embargo, los pasajes disponibles no establecen un tipo único de fibra, hilo o aguja como requisito general (Romero, 2017, p. 18).","Romero, G. (2017) México Bordado, de la tradición al punto contemporáneo. Editorial Guatavo Gili. ISBN: 978-84-252-2938-1
Lechuga, R. D. (2009). Las técnicas textiles en el México indígena. Fondo Nacional para el Fomento de las Artesanías.",TRUE
TEC148,148,Telar de cintura,"El telar de cintura es un sistema de tejido en el que la tensión de la urdimbre se regula con el cuerpo de la tejedora. Permite producir lienzos rectangulares cuyo ancho depende del alcance de los brazos y, cuando se requiere una superficie mayor, varios lienzos pueden unirse posteriormente. Se emplea para elaborar desde cintas angostas hasta quechquemitl con distintas estructuras y decoraciones (Gómez Martínez, 2014, p. 26; Castelló & Mapelli, 1998, pp. 50, 59).","El telar de cintura continúa siendo una herramienta fundamental en distintas tradiciones textiles indígenas de México. En Xolotla, Puebla, Gómez Martínez documenta su empleo para elaborar quechquémitl nahuas con tafetán, tejido en curva y decoraciones de lomillo, así como piezas trabajadas con técnica de gasa. Estos ejemplos muestran la versatilidad del telar y su capacidad para sostener construcciones y acabados diversos dentro de contextos regionales específicos (Gómez Martínez, 2014, pp. 16, 23).","Los materiales cambian según la pieza, pero las fuentes documentan hilos de algodón muy delgados, hilados a mano, y también lana teñida utilizada en decoraciones posteriores. El telar funciona como soporte de la urdimbre y permite controlar manualmente la tensión durante el tejido (Castelló & Mapelli, 1998, p. 50; Gómez Martínez, 2014, p. 23).","Castelló T., Mapelli C. (1998) La chaquira en México. Colección uso y estilo. Museo Franz Mayer.
Gómez Martínez, A. (2014). Los textiles nahuas y otomíes: Arte, tradición y dinámica cultural indígena. Revista Inclusiones, 1(2), 74–99.",True
TEC149,149,Telar de pedal,"El telar de pedal permite tejer lienzos mediante un sistema mecánico que acciona la apertura de la urdimbre con los pies, facilitando la producción de piezas de mayor anchura. En el ejemplo documentado por Goodman se utiliza para tejer lana teñida de púrpura y posteriormente unir el lienzo por el centro hasta alcanzar las dimensiones finales de la pieza (Goodman, 1976, p. 59).","La documentación revisada permite situar el telar de pedal como parte de procesos de tejido capaces de producir piezas de mayor anchura y trabajar materiales como la lana. Goodman registra un ejemplo en el que se utiliza lana teñida a mano y posteriormente se unen los paños para alcanzar las dimensiones finales de la pieza; este caso ilustra una forma concreta de uso de la herramienta, sin pretender representar todas sus variantes regionales (Goodman, 1976, p. 59).","En el caso revisado, la materia prima es lana teñida a mano de color púrpura y la herramienta principal es el telar de pedal. La evidencia disponible corresponde a este ejemplo concreto y no permite generalizar una única fibra para todos los tejidos realizados con este tipo de telar (Goodman, 1976, p. 59).","Goodman, F. S. (1976). The embroidery of Mexico and Guatemala. Charles Scribner's Sons.",True
TEC150,150,Costilla de ratón,"La costilla de ratón corresponde, en el acervo revisado, a una puntada equivalente a la herringbone stitch descrita por Brown. Se trabaja entre dos líneas mediante puntadas diagonales alternadas que se cruzan entre sí y forman una estructura continua en zigzag; la separación puede variar para producir un efecto más abierto o más compacto (Brown, 1994, p. 20).","La estructura asociada a la costilla de ratón se relaciona en la bibliografía revisada con la familia de herringbone stitches o puntadas de espiga. Brown muestra que esta construcción puede trabajarse de manera regular o servir como base para ornamentaciones adicionales, como la threaded herringbone stitch, en la que un segundo hilo se entrelaza sobre la puntada ya realizada. La equivalencia terminológica debe mantenerse bajo revisión especialista (Brown, 1994, pp. 20–21).","La estructura básica se realiza con hilo sobre una tela de soporte. En la variante threaded herringbone se añade un segundo hilo contrastante que se entrelaza por encima y por debajo de los cruces sin atravesar la tela, mostrando cómo el material puede emplearse también para enriquecer visualmente la puntada (Brown, 1994, p. 21).","Brown, P. (1994) The encyclopedia of embroidery techniques. East Roseville, N.S.W. : Simon and Schuster.",True
TEC152,152,Hilván,"El hilván es una puntada lineal que puede cumplir funciones de sujeción, base o decoración según el contexto. Las fuentes revisadas documentan su uso en bordado, en cenefas de blusas y en procedimientos con chaquira; también describen variantes de hilvanado lineal con hilos suplementarios que forman motivos visibles en positivo por el anverso y en negativo por el reverso (Romero, 2017, pp. 120, 131; Gómez Martínez, 2014, pp. 15, 30; Castelló & Mapelli, 1998, p. 56).","El hilván aparece en repertorios textiles distintos y puede cumplir funciones que van más allá de una simple puntada de unión. Las fuentes lo documentan en bordados de comunidades nahuas y otomíes y también en procedimientos que incorporan chaquira, lo que evidencia su adaptación a contextos y usos ornamentales diversos. Con la evidencia reunida no es posible atribuirle un único origen histórico (Gómez Martínez, 2014, p. 30; Castelló & Mapelli, 1998, p. 56).","Los materiales dependen de la función que cumple el hilván en cada pieza. Puede realizarse simplemente con hilo sobre tela o incorporar elementos como chaquiras, que se ensartan y tensan para producir frunces. La evidencia disponible no permite establecer una única combinación de materiales para todos sus usos (Castelló & Mapelli, 1998, p. 56; Gómez Martínez, 2014, p. 30).","Gómez Martínez, A. (2014). Los textiles nahuas y otomíes: Arte, tradición y dinámica cultural indígena. Revista Inclusiones, 1(2), 74–99.
Romero, G. (2017) México Bordado, de la tradición al punto contemporáneo. Editorial Guatavo Gili. ISBN: 978-84-252-2938-1
Castelló T., Mapelli C. (1998) La chaquira en México. Colección uso y estilo. Museo Franz Mayer.",True
TEC157,157,Pepenado,"El pepenado reúne procedimientos de bordado basados en contar, seleccionar o reservar puntos e hilos del tejido para construir figuras. En algunas variantes se relaciona con el tlapehpenalli y, en otras, incorpora chaquira mediante hilvanes o fruncidos que modifican la superficie textil (Gómez Martínez, 2014, p. 15; Castelló & Mapelli, 1998, pp. 42, 56).","El pepenado reúne variantes que adquieren características distintas según la región y el contexto de uso. En la Sierra Norte se documenta una modalidad asociada a figuras de mayor escala, particularmente representaciones de hombre y mujer, mientras que en contextos otomíes aparece el pepenado fruncido con chaquira para decorar camisas. Esta diversidad muestra la capacidad de la técnica para adaptarse a repertorios visuales y materiales diferentes (Campos Franco et al., 2022, p. 24; Castelló & Mapelli, 1998, p. 56).","Según la variante, se emplea una tela cuya estructura permita contar hilos, hilo de bordado y, en ciertos trabajos, cuentas de chaquira. Estas cuentas pueden ensartarse y fijarse mediante puntadas o hilvanes que después se tensan para generar frunces y relieves (Castelló & Mapelli, 1998, pp. 42, 56).","Gómez Martínez, A. (2014). Los textiles nahuas y otomíes: Arte, tradición y dinámica cultural indígena. Revista Inclusiones, 1(2), 74–99.
Castelló T., Mapelli C. (1998) La chaquira en México. Colección uso y estilo. Museo Franz Mayer.
Campos Franco, F. S., González Piña, M., & Morales Martínez, M. A. (2022). Des(hilando) conceptos: Construcción de identidad y comunidad a través del bordado en el colectivo Aguja de Plata de San Antonino Castillo Velasco, Oaxaca [Trabajo terminal para obtener el grado de Licenciatura en Psicología, Universidad Autónoma Metropolitana, Unidad Xochimilco].",TRUE
TEC158,158,Lomillo,"El punto lomillo, también denominado punto de cruz largo, es una puntada de bordado utilizada para decorar prendas como blusas y quechquemitl. Se realiza con dos agujas y se emplea para construir motivos lineales y figurativos; en algunos contextos aparece asociado al tejido en curva y se combina con otras técnicas decorativas (Gómez Martínez, 2014, pp. 15, 18–19; Romero, 2017, p. 79).","El lomillo se documenta como una técnica estrechamente vinculada a la ornamentación de quechquémitl en distintas comunidades. Romero registra su práctica, entre otros lugares, en San Felipe Santiago, Estado de México, mientras que Gómez Martínez señala su presencia frecuente en piezas de tejido en curva. En conjunto, estas referencias permiten situar el lomillo como un recurso decorativo recurrente dentro de determinados repertorios regionales, aunque no exclusivo de una sola localidad (Romero, 2017, p. 70; Gómez Martínez, 2014, pp. 15, 24).","Las fuentes documentan el uso de hilos de lana teñida y, en San Felipe Santiago, algodón trabajado sobre algodón. El procedimiento requiere dos agujas, y los materiales varían de acuerdo con la prenda y la tradición local en la que se aplica la puntada (Gómez Martínez, 2014, p. 23; Romero, 2017, p. 70).","Gómez Martínez, A. (2014). Los textiles nahuas y otomíes: Arte, tradición y dinámica cultural indígena. Revista Inclusiones, 1(2), 74–99.
Romero, G. (2017) México Bordado, de la tradición al punto contemporáneo. Editorial Guatavo Gili. ISBN: 978-84-252-2938-1",True
