nivel,categoria_padre,nombre,descripcion,historia_antecedentes,materiales_procesos,bibliografia
Categoría,Técnicas textiles,Tejido artesanal,"El tejido artesanal reúne procedimientos mediante los cuales una estructura textil se forma directamente a partir de hilos, fibras o elementos semejantes. Dependiendo de la técnica, estos materiales pueden entrecruzarse, enlazarse o anudarse hasta construir una superficie estable. Dentro de esta categoría, el Atlas distingue principalmente los tejidos —basados en la interacción organizada de sistemas de hilos— y los anudados, donde la estructura se obtiene mediante nudos y enlaces (Birrell, 1973, pp. 3, 277).","La construcción de textiles mediante tejido, anudado, enlazado y otros procedimientos se encuentra entre las prácticas técnicas más antiguas documentadas para la producción de telas. Las fuentes muestran que estas formas de trabajo se desarrollaron en distintas regiones del mundo y, en México, adquirieron expresiones particulares como el telar de cintura, que ha ocupado un lugar central en numerosas tradiciones textiles indígenas (Birrell, 1973, pp. 2–3; Lechuga, 2009, pp. 22–23).","Los materiales principales son fibras e hilos, cuya disposición cambia según el procedimiento. En los tejidos suelen organizarse en urdimbre y trama, mientras que en los anudados pueden emplearse hilos o cordones que se enlazan entre sí. Las herramientas también varían: algunas técnicas requieren telares, varillas o lizos, mientras que otras pueden realizarse directamente con las manos o con apoyos más sencillos (Birrell, 1973, pp. 3, 277; Lechuga, 2009, pp. 22–23).","Birrell, V. L. (1973). The textile arts: A handbook of weaving, braiding, printing, and other textile techniques (3.ª ed.). New York: Schocken Books.
Lechuga, R. D. (2009). Las técnicas textiles en el México indígena. Fondo Nacional para el Fomento de las Artesanías."
Subcategoría,Tejido artesanal,Tejidos,"Los tejidos son estructuras textiles formadas por la interacción ordenada de hilos. En su forma más común intervienen dos sistemas: la urdimbre, que se mantiene tensada, y la trama, que cruza transversalmente a través de ella. La manera en que ambos sistemas se relacionan determina la estructura, densidad y apariencia final del lienzo (Birrell, 1973, pp. 3, 277; Lechuga, 2009, p. 22).","El tejido constituye una de las formas más extendidas de construcción textil y ha permitido producir desde lienzos sencillos hasta superficies complejas con motivos incorporados durante el proceso. En México, el telar de cintura representa una de las tecnologías textiles de mayor continuidad histórica y sigue siendo fundamental para comprender numerosas tradiciones indígenas de tejido (Birrell, 1973, p. 3; Lechuga, 2009, pp. 22–23).","La base del proceso son los hilos de urdimbre y trama. Para controlar su tensión y separación pueden emplearse telares y herramientas como enjulios, lizos, varillas de paso, machetes o espadas, bobinas y tensores. Estas herramientas permiten abrir la calada, pasar la trama y compactar progresivamente el tejido hasta formar el lienzo (Lechuga, 2009, pp. 22–23).","Birrell, V. L. (1973). The textile arts: A handbook of weaving, braiding, printing, and other textile techniques (3.ª ed.). New York: Schocken Books.
Lechuga, R. D. (2009). Las técnicas textiles en el México indígena. Fondo Nacional para el Fomento de las Artesanías."
Subcategoría,Tejido artesanal,Anudados,"Los anudados reúnen estructuras construidas mediante la formación repetida de nudos y enlaces entre hilos o cordones. A diferencia del tejido convencional, no dependen necesariamente del cruce sistemático entre urdimbre y trama, sino de la manera en que cada elemento se enlaza con los demás. Este principio permite producir redes, flecos, franjas y superficies decorativas de distinta complejidad (Birrell, 1973, pp. 3, 277).","El anudado posee una larga historia como recurso para construir y terminar textiles. Las fuentes documentan redes anudadas desde contextos arqueológicos tempranos y, en México, muestran su desarrollo en trabajos como los empuntados de rebozo, donde los extremos de la urdimbre se transforman en remates ornamentales mediante nudos y engazados (Birrell, 1973, p. 277; Lechuga, 2009, pp. 23, 30).","Se trabaja principalmente con hilos, cordones o flecos libres que pueden enlazarse directamente entre sí. La disposición, secuencia y tensión de los nudos determinan la forma final. En algunos acabados mexicanos se incorporan además cuentas, borlas u otros elementos decorativos para enriquecer visualmente el remate (Lechuga, 2009, p. 30).","Birrell, V. L. (1973). The textile arts: A handbook of weaving, braiding, printing, and other textile techniques (3.ª ed.). New York: Schocken Books.
Lechuga, R. D. (2009). Las técnicas textiles en el México indígena. Fondo Nacional para el Fomento de las Artesanías."
Categoría,Técnicas textiles,Técnicas decorativas,"Las técnicas decorativas agrupan procedimientos destinados principalmente a modificar, enriquecer o ornamentar una superficie textil ya construida. A diferencia de las técnicas de tejido, aquí la tela funciona como soporte sobre el cual se añaden hilos, recortes, cuentas, calados u otros recursos. En el Atlas esta categoría comprende bordados, aplicaciones y otras labores de ornato que no se ajustan a esas dos ramas principales (Lechuga, 2009, pp. 30–33).","La decoración de telas ha acompañado históricamente a la producción textil y ha servido para incorporar identidad, distinción y complejidad visual a las prendas. En Mesoamérica se documentan bordados y aplicaciones de conchas, piedras preciosas y figuras metálicas, mientras que en periodos posteriores se desarrollaron repertorios regionales de puntadas, calados, randas y otros procedimientos que continúan presentes en diversas comunidades mexicanas (Lechuga, 2009, pp. 10, 30–33).","Los materiales dependen de la técnica empleada, pero suelen partir de una tela de soporte sobre la que se trabaja con aguja, hilos adicionales, piezas de tela, cuentas u otros elementos. Algunas labores requieren retirar hilos, fruncir el tejido o añadir piezas superpuestas, mientras que otras construyen el diseño mediante puntadas o aplicaciones sucesivas (Lechuga, 2009, pp. 10, 30–33; Brown, 1994, pp. 89–90).","Lechuga, R. D. (2009). Las técnicas textiles en el México indígena. Fondo Nacional para el Fomento de las Artesanías.
Brown, P. (1994) The encyclopedia of embroidery techniques. East Roseville, N.S.W. : Simon and Schuster."
Subcategoría,Técnicas decorativas,Bordados,"El bordado consiste en añadir hilos decorativos a una tela ya terminada mediante puntadas realizadas con aguja u otras herramientas. Las puntadas pueden formar líneas, rellenos, contornos o superficies completas, y combinarse entre sí para construir motivos figurativos o geométricos. La variedad de estructuras y modos de ejecución explica la amplia diversidad de bordados presentes en las tradiciones textiles mexicanas (Lechuga, 2009, p. 30).","El bordado ha ocupado un lugar destacado dentro de las técnicas de ornato en México. Las fuentes documentan su presencia en numerosos pueblos y regiones y muestran cómo distintas comunidades han desarrollado repertorios propios de puntadas, motivos y formas de composición. La incorporación de la máquina de coser amplió posteriormente las posibilidades de ejecución sin sustituir necesariamente el trabajo manual (Lechuga, 2009, pp. 11, 30).","Los elementos básicos son una tela de soporte, hilo y aguja. Según la técnica pueden añadirse bastidores, canevá auxiliar, cuentas, hilos metálicos u otros materiales. La forma en que el hilo atraviesa, cubre o se enlaza sobre el soporte determina el tipo de puntada y, en consecuencia, la textura y el aspecto del bordado (Lechuga, 2009, p. 30; Brown, 1994, pp. 9, 21).","Lechuga, R. D. (2009). Las técnicas textiles en el México indígena. Fondo Nacional para el Fomento de las Artesanías.
Brown, P. (1994) The encyclopedia of embroidery techniques. East Roseville, N.S.W. : Simon and Schuster."
Subcategoría,Técnicas decorativas,Aplicaciones,"Las aplicaciones decoran una superficie textil mediante la incorporación de piezas, formas u objetos añadidos sobre una tela de base. En el appliqué, por ejemplo, fragmentos recortados de tela se colocan sobre el soporte y se fijan mediante costura, permitiendo construir figuras por superposición, contraste de color y combinación de materiales (Brown, 1994, pp. 89–90).","La incorporación de elementos añadidos a las telas cuenta con antecedentes antiguos. En Mesoamérica se documentan aplicaciones de conchas, piedras preciosas y figuras metálicas, mientras que en tradiciones posteriores el recurso se amplió hacia piezas textiles superpuestas, acolchadas o recortadas. Esta continuidad muestra que la aplicación funciona como una estrategia decorativa flexible, capaz de adaptarse a distintos materiales y contextos (Lechuga, 2009, p. 10; Brown, 1994, pp. 89–90).","Se parte de una tela de base y de los elementos que se añadirán sobre ella. En el appliqué pueden utilizarse piezas de otras telas, hilo, aguja o máquina de coser; también pueden intervenir plantillas, entretelas y márgenes de costura para dar forma y estabilidad a las piezas antes de fijarlas (Brown, 1994, pp. 89–90).","Brown, P. (1994) The encyclopedia of embroidery techniques. East Roseville, N.S.W. : Simon and Schuster.
Lechuga, R. D. (2009). Las técnicas textiles en el México indígena. Fondo Nacional para el Fomento de las Artesanías."
Subcategoría,Técnicas decorativas,Otras,"La subcategoría “Otras” reúne técnicas decorativas que no se integran de manera clara en los grupos de Bordados o Aplicaciones. No corresponde a un único procedimiento, sino a una agrupación taxonómica que permite incorporar labores como deshilados, calados, randas, tejidos de gancho, fruncidos y otros recursos que modifican la superficie de una tela ya formada (Lechuga, 2009, pp. 31–33; Brown, 1994, p. 6).","La diversidad de técnicas textiles documentadas en México hace necesario contar con una categoría capaz de reunir procedimientos menos fácilmente clasificables. Las fuentes muestran que, junto con el bordado, existen prácticas de deshilado, randa, tejido de gancho, smocking, needlelace y otros recursos que responden a tradiciones y funciones diferentes. La subcategoría permite reconocer esa variedad sin forzarla dentro de una sola familia técnica (Lechuga, 2009, pp. 31–33; Brown, 1994, p. 6).","Al tratarse de una categoría amplia, no existe un conjunto único de materiales. Dependiendo de la técnica pueden emplearse agujas, ganchos, hilos de bordado, telas susceptibles de deshilado, cuentas u otros elementos. Los procedimientos también varían: algunos retiran hilos del soporte, otros enlazan, fruncen, tejen o añaden materiales sobre la superficie (Lechuga, 2009, pp. 31–33; Brown, 1994, p. 6).","Lechuga, R. D. (2009). Las técnicas textiles en el México indígena. Fondo Nacional para el Fomento de las Artesanías.
Brown, P. (1994) The encyclopedia of embroidery techniques. East Roseville, N.S.W. : Simon and Schuster."
Categoría,Técnicas textiles,Acabados,"Los acabados comprenden procedimientos aplicados sobre una pieza textil ya formada con el fin de rematar bordes, unir partes, reforzar zonas o modificar su apariencia final. En el esquema del Atlas esta categoría reúne trabajos muy distintos —como empuntados, randas, festón, sobre teñido y pintura textil— que comparten su aplicación posterior a la construcción básica del tejido.","Los acabados han cumplido históricamente funciones tanto prácticas como ornamentales. Un borde puede asegurarse para evitar que se deshaga y, al mismo tiempo, convertirse en un elemento decorativo; de forma semejante, la unión de lienzos, la aplicación de color o la pintura pueden transformar de manera significativa la apariencia de una pieza terminada. Las fuentes documentan estas funciones en remates, randas, trabajos calados y procesos de coloración textil (Lechuga, 2009, pp. 30, 33; Brown, 1994, p. 111; Birrell, 1973, pp. 437–439).","Los materiales dependen del tipo de acabado. Pueden utilizarse los propios hilos de urdimbre, hilos añadidos, agujas, ganchos, cuentas, pigmentos, tintes, espesantes o aglutinantes. Lo que los relaciona no es un material común, sino su función de completar, unir, ornamentar o transformar una superficie textil ya construida (Lechuga, 2009, pp. 30, 33; Birrell, 1973, p. 417).","Lechuga, R. D. (2009). Las técnicas textiles en el México indígena. Fondo Nacional para el Fomento de las Artesanías.
Brown, P. (1994) The encyclopedia of embroidery techniques. East Roseville, N.S.W. : Simon and Schuster.
Birrell, V. L. (1973). The textile arts: A handbook of weaving, braiding, printing, and other textile techniques (3.ª ed.). New York: Schocken Books."
Subcategoría,Acabados,Empuntados,"Los empuntados son acabados ornamentales realizados principalmente sobre los extremos libres de una pieza textil. En los rebozos, los hilos de urdimbre que sobresalen del tejido se enlazan y anudan hasta formar flecos o rapacejos que pueden alcanzar una gran complejidad visual y técnica (Lechuga, 2009, p. 30).","El empuntado llegó a constituirse como un trabajo especializado dentro de la elaboración de rebozos y otras prendas. Lechuga documenta la presencia de mujeres empuntadoras dedicadas específicamente a estos remates y registra variantes en distintas regiones del país, lo que permite reconocerlo como una práctica con expresiones locales diversas (Lechuga, 2009, p. 30).","La materia principal son los hilos que quedan libres en el borde del tejido. A partir de ellos se construyen nudos, engazados y secuencias decorativas. Dependiendo de la región y del diseño, pueden añadirse chaquiras, borlas, pompones u otros elementos que enriquecen el remate (Lechuga, 2009, p. 30).","Lechuga, R. D. (2009). Las técnicas textiles en el México indígena. Fondo Nacional para el Fomento de las Artesanías."
Subcategoría,Acabados,Randas,"Las randas son labores abiertas, semejantes al encaje, que pueden utilizarse para unir dos lienzos o formar franjas decorativas en los bordes de una prenda. En la randa de aguja, el diseño se construye directamente con hilo y aguja, generando una estructura independiente que enlaza o prolonga la superficie textil (Lechuga, 2009, p. 33).","Las fuentes documentan randas en distintos contextos regionales de México. Se registran, por ejemplo, en camisas de San Antonino Castillo Velasco y en quechquémitl de Santa Ana Hueytlalpan, donde funcionan como bandas de unión y ornamento. Su presencia junto con deshilados y otras labores abiertas muestra la importancia de estos recursos dentro de los acabados textiles (Lechuga, 2009, pp. 32–33).","La randa de aguja se trabaja con hilo y aguja, generalmente a partir del borde de una tela o entre dos lienzos que deben unirse. El hilo forma una estructura abierta mediante enlaces sucesivos y puede convertirse en una franja decorativa visible. Otras variantes de randa pueden recurrir a procedimientos distintos, por lo que los materiales específicos dependen de cada modalidad (Lechuga, 2009, p. 33).","Lechuga, R. D. (2009). Las técnicas textiles en el México indígena. Fondo Nacional para el Fomento de las Artesanías."
Subcategoría,Acabados,Festón,"El festón es un acabado construido mediante una sucesión de puntadas enlazadas que forman un borde continuo. La aguja atraviesa el lazo generado por el hilo y repite esta secuencia a lo largo del contorno, creando una terminación que puede reforzar el borde y, al mismo tiempo, funcionar como elemento decorativo (Brown, 1994, p. 21).","El festón forma parte de una amplia familia de puntadas utilizadas tanto en bordados de superficie como en trabajos calados. Brown documenta su empleo para asegurar bordes y construir barras dentro del cutwork, donde la misma estructura técnica permite producir efectos semejantes al encaje, como en el llamado Richelieu cutwork (Brown, 1994, pp. 21, 111).","Se trabaja con aguja e hilo sobre una tela de soporte. En los trabajos calados descritos por Brown se emplean lino de tejido cerrado o algodón de peso medio, acompañados de hilos de algodón o lino y un bastidor que ayuda a mantener estable la tela durante la ejecución (Brown, 1994, p. 111).","Brown, P. (1994) The encyclopedia of embroidery techniques. East Roseville, N.S.W. : Simon and Schuster."
Subcategoría,Acabados,Sobre teñido,"El sobre teñido aparece como una subcategoría específica dentro del esquema del Atlas, pero la bibliografía OCR revisada no ofrece una definición suficientemente explícita del procedimiento bajo ese nombre. Por esa razón, no se equipara aquí con el teñido natural, el teñido de reserva, el ikat u otras técnicas de coloración que sí están documentadas en las fuentes.","El corpus contiene abundante información sobre prácticas de teñido y coloración textil, incluidas técnicas de reserva, mordentado y uso de colorantes naturales. Sin embargo, esos antecedentes no permiten establecer por sí solos qué características distinguen específicamente al sobre teñido dentro de la taxonomía del Atlas. Se requiere una fuente que defina el término de forma directa antes de ampliar esta ficha (Lechuga, 2009, p. 20; Birrell, 1973, p. 417).","La información disponible permite reconocer materiales propios de procesos generales de teñido —fibras, colorantes, mordientes y otros auxiliares—, pero no determinar cuáles corresponden específicamente al sobre teñido. Por ello, esta sección debe permanecer abierta hasta contar con una referencia que describa su procedimiento de manera inequívoca.","Lechuga, R. D. (2009). Las técnicas textiles en el México indígena. Fondo Nacional para el Fomento de las Artesanías.
Birrell, V. L. (1973). The textile arts: A handbook of weaving, braiding, printing, and other textile techniques (3.ª ed.). New York: Schocken Books."
Subcategoría,Acabados,Pintura textil,"La pintura textil consiste en aplicar color directamente sobre una tela para crear motivos, líneas o superficies decoradas. A diferencia del teñido, donde el color suele penetrar de manera más uniforme en la fibra o el hilo, aquí la intervención se realiza de forma localizada sobre la superficie y puede ejecutarse a mano alzada, mediante esténcil u otras herramientas (Paine, 1990, p. 192; Birrell, 1973, pp. 437–439).","La pintura sobre textiles cuenta con antecedentes antiguos tanto en el Viejo como en el Nuevo Mundo. Birrell documenta su uso histórico y también señala un renovado interés por los textiles pintados durante el siglo XX, incluyendo la influencia de talleres establecidos en Cuernavaca hacia 1940, donde se produjeron diseños textiles pintados a mano (Birrell, 1973, p. 437).","Se utilizan telas como soporte y materiales capaces de adherirse o fijarse a su superficie, entre ellos pinturas, tintes, pigmentos, espesantes, aglutinantes y solventes. La aplicación puede realizarse con pinceles, brochas, espátulas, esténciles u otras herramientas, dependiendo del tipo de diseño y del acabado buscado (Birrell, 1973, pp. 417, 439; Paine, 1990, p. 192).","Paine, M. (1990) The taxtile art in interior design. Simon and Schuster. ISBN 0-671-70534-2
Birrell, V. L. (1973). The textile arts: A handbook of weaving, braiding, printing, and other textile techniques (3.ª ed.). New York: Schocken Books."
