archivo_descargado,Tecnica,status
006-Merida-Bordado_Ch_ol_Tzeltal.webp,Bordado ch'ol tzeltal,ok
007-Merida-Macizo.webp,Macizo,ok
011-Merida-Cadeneta_o_cadenilla.webp,Cadeneta o cadenilla,ok
015-Merida-Pepenado.webp,Pepenado,ok
018-Merida-Cadeneta_o_cadenilla.webp,Cadeneta o cadenilla,ok
019-Merida-Cadeneta_o_cadenilla.webp,Cadeneta o cadenilla,ok
020-Merida-Telar_de_cintura.webp,Telar de cintura,ok
026-Merida-Luchbilltaaval.webp,Luchbilltaaval,ok
027-Merida-Tafetan.webp,Tafetán,ok
030-Merida-Macizo.webp,Macizo,ok
031-Merida-Taasuun_ekeep.webp,Tääsuun ekëëp,ok
034-Merida-Telar_de_cintura.webp,Telar de cintura,ok
037-Merida-Hilvan.webp,Hilván,ok
040-Merida-Punto_de_Cruz.webp,Punto de cruz,ok
057-Merida-Punto_de_Cruz.webp,Punto de cruz,ok
043-Merida-Telar_de_cintura.webp,Telar de cintura,ok
044-Merida-Tafetan.webp,Tafetán,ok
045-Merida-Tejido_de_fibra_natural.webp,Tejido de fibra natural,ok
048-Merida-Telar_de_cintura.webp,Telar de cintura,ok
049-Merida-Punto_de_Cruz.webp,Punto de cruz,ok
050-Merida-Punto_confite.webp,Punto confite,ok
051-Merida-Punto_de_Cruz.webp,Punto de cruz,ok
058-Merida-Telar_de_cintura.webp,Telar de cintura,ok
062-Merida-Macizo.webp,Macizo,ok
065-Merida-Telar_de_cintura.webp,Telar de cintura,ok
066-Merida-Punto_de_Cruz.webp,Punto de cruz,ok
074-Merida-Punto_de_Cruz.webp,Punto de cruz,ok
078-Merida-Macizo.webp,Macizo,ok
081-Merida-Telar_de_cintura.webp,Telar de cintura,ok
082-Merida-Punto_de_Cruz.webp,Punto de cruz,ok
085-Merida-Telar_de_cintura.webp,Telar de cintura,ok
255-CDMX-Hilvan.webp,Hilván,ok
086-Merida-Telar_de_cintura.webp,Telar de cintura,ok
087-Merida-Sapo.webp,Sapo,ok
088-Merida-Punto_de_Cruz.webp,Punto de cruz,ok
090-Merida-Telar_de_cintura.webp,Telar de cintura,ok
091-Merida-Hilvan.webp,Hilván,ok
092-Merida-Hilvan.webp,Hilván,ok
095-Merida-Hilo_contado.webp,Hilo contado,ok
097-Merida-Telar_de_cintura.webp,Telar de cintura,ok
098-Merida-Pepenado.webp,Pepenado,ok
099-Merida-Bordado_Ch_ol_Tzeltal.webp,Bordado ch'ol tzeltal,ok
100-Merida-Punto_de_Cruz.webp,Punto de cruz,ok
101-Merida-Punto_de_Cruz.webp,Punto de cruz,ok
104-Merida-Punto_de_Cruz.webp,Punto de cruz,ok
105-Merida-Hilo_contado.webp,Hilo contado,ok
108-Merida-Telar_de_cintura.webp,Telar de cintura,ok
110-Merida-Telar_de_cintura.webp,Telar de cintura,ok
162-Merida-Macizo.webp,Macizo,ok
112-Merida-Hilvan.webp,Hilván,ok
113-Merida-Telar_de_cintura.webp,Telar de cintura,ok
114-Merida-Telar_de_cintura.webp,Telar de cintura,ok
115-Merida-Telar_de_cintura.webp,Telar de cintura,ok
116-Merida-Punto_de_Cruz.webp,Punto de cruz,ok
117-Merida-Deshilado.webp,Deshilado,ok
118-Merida-Punto_de_Cruz.webp,Punto de cruz,ok
119-Merida-Gasa_fina_y_tecnica_de_gasa.webp,Gasa fina y técnica de gasa,ok
120-Merida-Macizo.webp,Macizo,ok
121-Merida-Telar_de_cintura.webp,Telar de cintura,ok
122-Merida-Punto_de_Cruz.webp,Punto de cruz,ok
123-Merida-Hilo_contado.webp,Hilo contado,ok
124-Merida-Punto_de_Cruz.webp,Punto de cruz,ok
127-Merida-Pata_de_gallo.webp,Pata de gallo,ok
129-Merida-Telar_de_cintura.webp,Telar de cintura,ok
131-Merida-Punto_de_Cruz.webp,Punto de cruz,ok
134-Merida-Deshilado.webp,Deshilado,ok
137-Merida-Telar_de_cintura.webp,Telar de cintura,ok
138-Merida-Relleno.webp,Relleno,ok
141-Merida-Telar_de_cintura.webp,Telar de cintura,ok
150-Merida-Telar_de_cintura.webp,Telar de cintura,ok
143-Merida-Punto_de_Cruz.webp,Punto de cruz,ok
145-Merida-Lomillo.webp,Lomillo,ok
148-Merida-Punto_de_Cruz.webp,Punto de cruz,ok
149-Merida-Punto_de_Cruz.webp,Punto de cruz,ok
151-Merida-Brocado.webp,Brocado,ok
152-Merida-Punto_de_Cruz.webp,Punto de cruz,ok
157-Merida-Punto_de_Cruz.webp,Punto de cruz,ok
158-Merida-Brocado.webp,Brocado,ok
159-Merida-Punto_de_Cruz.webp,Punto de cruz,ok
160-Merida-Brocado.webp,Brocado,ok
163-Merida-Cadeneta_o_cadenilla.webp,Cadeneta o cadenilla,ok
164-Merida-Telar_de_cintura.webp,Telar de cintura,ok
167-Merida-Rayado.webp,Rayado,ok
168-Merida-Brocado.webp,Brocado,ok
169-Merida-Brocado.webp,Brocado,ok
170-Merida-Urdido.webp,Urdido,ok
171-Merida-Brocado.webp,Brocado,ok
173-Merida-Telar_de_cintura.webp,Telar de cintura,ok
177-Merida-Urdido.webp,Urdido,ok
178-Merida-Bordado_de_chaquira.webp,Bordado de chaquira,ok
180-Merida-Brocado.webp,Brocado,ok
182-Merida-Hilvan.webp,Hilván,ok
184-Merida-Brocado.webp,Brocado,ok
185-Merida-Brocado.webp,Brocado,ok
186-Merida-Brocado.webp,Brocado,ok
187-Merida-Punto_de_Cruz.webp,Punto de cruz,ok
188-Merida-Gasa_fina_y_tecnica_de_gasa.webp,Gasa fina y técnica de gasa,ok
189-Merida-Telar_de_pedal.webp,Telar de pedal,ok
191-Merida-Gasa_fina_y_tecnica_de_gasa.webp,Gasa fina y técnica de gasa,ok
005-Tijuana-Punto_de_Cruz.webp,Punto de cruz,ok
195-Merida-Punto_de_Cruz.webp,Punto de cruz,ok
201-Merida-Cadeneta_o_cadenilla.webp,Cadeneta o cadenilla,ok
202-Merida-Bordado_de_chaquira.webp,Bordado de chaquira,ok
205-Merida-Discontinuo.webp,Discontinuo,ok
006-Tijuana-Nexuy.webp,Nëxuy,ok
007-Tijuana-Cadeneta_o_cadenilla.webp,Cadeneta o cadenilla,ok
009-Tijuana-Telar_de_pedal.webp,Telar de pedal,ok
010-Tijuana-Lomillo.webp,Lomillo,ok
011-Tijuana-Punto_de_Cruz.webp,Punto de cruz,ok
012-Tijuana-Telar_de_pedal.webp,Telar de pedal,ok
015-Tijuana-Punto_de_Cruz.webp,Punto de cruz,ok
016-Tijuana-Punto_de_Cruz.webp,Punto de cruz,ok
018-Tijuana-Telar_de_cintura.webp,Telar de cintura,ok
019-Tijuana-Labrado.webp,Labrado,ok
021-Tijuana-Punto_de_Cruz.webp,Punto de cruz,ok
116-Tijuana-Telar_de_cintura.webp,Telar de cintura,ok
022-Tijuana-Labrado.webp,Labrado,ok
023-Tijuana-Pata_de_gallo.webp,Pata de gallo,ok
024-Tijuana-Punto_de_Cruz.webp,Punto de cruz,ok
025-Tijuana-Telar_de_pedal.webp,Telar de pedal,ok
026-Tijuana-Trencilla.webp,Trencilla,ok
027-Tijuana-Puntada_de_satin.webp,Puntada de satín,ok
028-Tijuana-Deshilado.webp,Deshilado,ok
029-Tijuana-Telar_de_cintura.webp,Telar de cintura,ok
058-CDMX-Telar_de_cintura.webp,Telar de cintura,ok
031-Tijuana-Croche.webp,Croché,ok
032-Tijuana-Bordado_de_chaquira.webp,Bordado de chaquira,ok
033-Tijuana-Piteado.webp,Piteado,ok
035-Tijuana-Telar_de_pedal.webp,Telar de pedal,ok
045-Tijuana-Hilvan.webp,Hilván,ok
039-Tijuana-Punto_de_Cruz.webp,Punto de cruz,ok
040-Tijuana-Telar_de_pedal.webp,Telar de pedal,ok
041-Tijuana-Bordado_de_chaquira.webp,Bordado de chaquira,ok
042-Tijuana-Telar_de_cintura.webp,Telar de cintura,ok
043-Tijuana-Pepenado.webp,Pepenado,ok
047-Tijuana-Telar_de_cintura.webp,Telar de cintura,ok
049-Tijuana-Telar_de_cintura.webp,Telar de cintura,ok
050-Tijuana-Bordado_con_dos_agujas.webp,Bordado con dos agujas,ok
052-Tijuana-Deshilado.webp,Deshilado,ok
054-Tijuana-Telar_de_cintura.webp,Telar de cintura,ok
057-Tijuana-Punto_de_Cruz.webp,Punto de cruz,ok
065-Tijuana-Macizo.webp,Macizo,ok
062-Tijuana-Telar_de_pedal.webp,Telar de pedal,ok
064-Tijuana-Punto_de_Cruz.webp,Punto de cruz,ok
067-Tijuana-Telar_de_pedal.webp,Telar de pedal,ok
068-Tijuana-Puntada_de_satin.webp,Puntada de satín,ok
069-Tijuana-Brocado.webp,Brocado,ok
070-Tijuana-Telar_de_cintura.webp,Telar de cintura,ok
079-Tijuana-Telar_de_pedal.webp,Telar de pedal,ok
072-Tijuana-Telar_de_cintura.webp,Telar de cintura,ok
073-Tijuana-Croche.webp,Croché,ok
074-Tijuana-Hilvan.webp,Hilván,ok
090-Tijuana-Punto_de_Cruz.webp,Punto de cruz,ok
076-Tijuana-Telar_de_pedal.webp,Telar de pedal,ok
077-Tijuana-Telar_de_pedal.webp,Telar de pedal,ok
078-Tijuana-Telar_de_pedal.webp,Telar de pedal,ok
080-Tijuana-Luchbilltaaval.webp,Luchbilltaaval,ok
081-Tijuana-Telar_de_cintura.webp,Telar de cintura,ok
082-Tijuana-Cadeneta_o_cadenilla.webp,Cadeneta o cadenilla,ok
083-Tijuana-Bordado_con_dos_agujas.webp,Bordado con dos agujas,ok
085-Tijuana-Telar_de_cintura.webp,Telar de cintura,ok
086-Tijuana-Pepenado.webp,Pepenado,ok
088-Tijuana-Telar_de_cintura.webp,Telar de cintura,ok
092-Tijuana-Telar_de_cintura.webp,Telar de cintura,ok
093-Tijuana-Brocado.webp,Brocado,ok
035-CDMX-Punto_de_Cruz.webp,Punto de cruz,ok
098-Tijuana-Telar_de_cintura.webp,Telar de cintura,ok
099-Tijuana-Trencilla.webp,Trencilla,ok
115-Tijuana-Relleno.webp,Relleno,ok
101-Tijuana-Lomillo.webp,Lomillo,ok
103-Tijuana-Hilvan.webp,Hilván,ok
104-Tijuana-Telar_de_cintura.webp,Telar de cintura,ok
105-Tijuana-Cadeneta_o_cadenilla.webp,Cadeneta o cadenilla,ok
106-Tijuana-Punto_de_Cruz.webp,Punto de cruz,ok
107-Tijuana-Punto_de_Cruz.webp,Punto de cruz,ok
108-Tijuana-Cadeneta_o_cadenilla.webp,Cadeneta o cadenilla,ok
109-Tijuana-Punto_de_Cruz.webp,Punto de cruz,ok
110-Tijuana-Telar_de_pedal.webp,Telar de pedal,ok
113-Tijuana-Hilvan.webp,Hilván,ok
114-Tijuana-Brocado.webp,Brocado,ok
117-Tijuana-Hilvan.webp,Hilván,ok
119-Tijuana-Telar_de_cintura.webp,Telar de cintura,ok
120-Tijuana-Telar_de_cintura.webp,Telar de cintura,ok
123-Tijuana-Telar_de_pedal.webp,Telar de pedal,ok
124-Tijuana-Telar_de_cintura.webp,Telar de cintura,ok
010-CDMX-Costilla_de_raton.webp,Costilla de ratón,ok
127-Tijuana-Hilvan.webp,Hilván,ok
003-CDMX-Contabilidad_y_vuelta_por_hilo.webp,Contabilidad y vuelta por hilo,ok
007-CDMX-Telar_de_cintura.webp,Telar de cintura,ok
011-CDMX-Telar_de_cintura.webp,Telar de cintura,ok
013-CDMX-Brocado.webp,Brocado,ok
015-CDMX-Telar_de_pedal.webp,Telar de pedal,ok
016-CDMX-Telar_de_cintura.webp,Telar de cintura,ok
019-CDMX-Relleno.webp,Relleno,ok
022-CDMX-Telar_de_cintura.webp,Telar de cintura,ok
023-CDMX-Telar_de_cintura.webp,Telar de cintura,ok
024-CDMX-Deshilado.webp,Deshilado,ok
032-CDMX-Telar_de_cintura.webp,Telar de cintura,ok
026-CDMX-Trencilla_Mazahua.webp,Trencilla mazahua,ok
027-CDMX-Cadeneta_o_cadenilla.webp,Cadeneta o cadenilla,ok
028-CDMX-Telar_de_cintura.webp,Telar de cintura,ok
029-CDMX-Lomillo.webp,Lomillo,ok
030-CDMX-Telar_de_cintura.webp,Telar de cintura,ok
031-CDMX-Bordado_libre_en_maquina_de_pedal.webp,Bordado libre en maquina de pedal,ok
034-CDMX-Telar_de_cintura.webp,Telar de cintura,ok
039-CDMX-Telar_de_cintura.webp,Telar de cintura,ok
040-CDMX-Telar_de_cintura.webp,Telar de cintura,ok
041-CDMX-Tinte_natural_y_tejido.webp,Tinte natural y tejido,ok
042-CDMX-Telar_de_cintura.webp,Telar de cintura,ok
043-CDMX-Telar_de_cintura.webp,Telar de cintura,ok
044-CDMX-Telar_de_cintura.webp,Telar de cintura,ok
045-CDMX-Telar_de_cintura.webp,Telar de cintura,ok
046-CDMX-Telar_de_cintura.webp,Telar de cintura,ok
047-CDMX-Telar_de_cintura.webp,Telar de cintura,ok
048-CDMX-Brocado.webp,Brocado,ok
050-CDMX-Gasa_fina_y_tecnica_de_gasa.webp,Gasa fina y técnica de gasa,ok
051-CDMX-Telar_de_pedal.webp,Telar de pedal,ok
053-CDMX-Punto_de_Cruz.webp,Punto de cruz,ok
055-CDMX-Gasa_fina_y_tecnica_de_gasa.webp,Gasa fina y técnica de gasa,ok
056-CDMX-Telar_de_cintura.webp,Telar de cintura,ok
057-CDMX-Punto_de_Cruz.webp,Punto de cruz,ok
059-CDMX-Telar_de_cintura.webp,Telar de cintura,ok
060-CDMX-Contado.webp,Contado,ok
061-CDMX-Punto_de_Cruz.webp,Punto de cruz,ok
062-CDMX-Contabilidad_y_vuelta_por_hilo.webp,Contabilidad y vuelta por hilo,ok
064-CDMX-Labrado.webp,Labrado,ok
065-CDMX-Telar_de_pedal.webp,Telar de pedal,ok
066-CDMX-Telar_de_cintura.webp,Telar de cintura,ok
068-CDMX-Telar_de_cintura.webp,Telar de cintura,ok
069-CDMX-Telar_de_cintura.webp,Telar de cintura,ok
070-CDMX-Telar_de_cintura.webp,Telar de cintura,ok
071-CDMX-Telar_de_cintura.webp,Telar de cintura,ok
076-CDMX-Punto_de_Cruz.webp,Punto de cruz,ok
079-CDMX-Cadeneta_o_cadenilla.webp,Cadeneta o cadenilla,ok
080-CDMX-Telar_de_cintura.webp,Telar de cintura,ok
085-CDMX-Telar_de_cintura.webp,Telar de cintura,ok
086-CDMX-Pepenado_en_pliegue.webp,Pepenado en pliegue,ok
087-CDMX-Tafetan.webp,Tafetán,ok
088-CDMX-Contabilidad_y_vuelta_por_hilo.webp,Contabilidad y vuelta por hilo,ok
140-CDMX-Telar_de_cintura.webp,Telar de cintura,ok
089-CDMX-Punto_de_Cruz.webp,Punto de cruz,ok
090-CDMX-Deshilado.webp,Deshilado,ok
091-CDMX-Telar_de_cintura.webp,Telar de cintura,ok
093-CDMX-Telar_de_cintura.webp,Telar de cintura,ok
094-CDMX-Bordado_de_dos_agujas.webp,Bordado de dos agujas,ok
095-CDMX-Pata_de_gallo.webp,Pata de gallo,ok
096-CDMX-Relleno.webp,Relleno,ok
099-CDMX-Telar_de_cintura.webp,Telar de cintura,ok
101-CDMX-Telar_de_cintura.webp,Telar de cintura,ok
103-CDMX-Puntada_de_satin.webp,Puntada de satín,ok
104-CDMX-Telar_de_pedal.webp,Telar de pedal,ok
108-CDMX-Deshilado.webp,Deshilado,ok
109-CDMX-Deshilado.webp,Deshilado,ok
110-CDMX-Telar_de_cintura.webp,Telar de cintura,ok
165-CDMX-Labrado.webp,Labrado,ok
111-CDMX-Telar_de_pedal.webp,Telar de pedal,ok
112-CDMX-Punto_de_Cruz.webp,Punto de cruz,ok
113-CDMX-Punto_de_Cruz.webp,Punto de cruz,ok
114-CDMX-Telar_de_cintura.webp,Telar de cintura,ok
115-CDMX-Contabilidad_y_vuelta_por_hilo.webp,Contabilidad y vuelta por hilo,ok
141-CDMX-Punto_de_Cruz.webp,Punto de cruz,ok
118-CDMX-Telar_de_cintura.webp,Telar de cintura,ok
119-CDMX-Telar_de_cintura.webp,Telar de cintura,ok
120-CDMX-Cadeneta_o_cadenilla.webp,Cadeneta o cadenilla,ok
121-CDMX-Prendas_tradicional.webp,Prendas tradicional,ok
129-CDMX-Pata_de_gallo.webp,Pata de gallo,ok
124-CDMX-Lomillo.webp,Lomillo,ok
125-CDMX-Bordado_libre_en_maquina_de_pedal.webp,Bordado libre en maquina de pedal,ok
126-CDMX-Cadeneta_o_cadenilla.webp,Cadeneta o cadenilla,ok
138-CDMX-Telar_de_cintura.webp,Telar de cintura,ok
130-CDMX-Telar_de_cintura.webp,Telar de cintura,ok
131-CDMX-Telar_de_cintura.webp,Telar de cintura,ok
134-CDMX-Punto_de_Cruz.webp,Punto de cruz,ok
137-CDMX-Punto_de_Cruz.webp,Punto de cruz,ok
143-CDMX-Telar_de_cintura.webp,Telar de cintura,ok
145-CDMX-Punto_de_Cruz.webp,Punto de cruz,ok
146-CDMX-Telar_de_cintura.webp,Telar de cintura,ok
148-CDMX-Talakaxtokgo_da_makan.webp,Talakaxtokgo da makan,ok
149-CDMX-Deshilado.webp,Deshilado,ok
157-CDMX-Tejido_de_fibra_natural.webp,Tejido de fibra natural,ok
152-CDMX-Bordado_de_dos_agujas.webp,Bordado de dos agujas,ok
153-CDMX-Pepenado_en_pliegue.webp,Pepenado en pliegue,ok
155-CDMX-Pepenado.webp,Pepenado,ok
156-CDMX-Bordado_Ch_ol_Tzeltal.webp,Bordado ch'ol tzeltal,ok
158-CDMX-Relleno.webp,Relleno,ok
159-CDMX-Telar_de_cintura.webp,Telar de cintura,ok
161-CDMX-Otomi.webp,Otomí,ok
163-CDMX-Telar_de_cintura.webp,Telar de cintura,ok
164-CDMX-Bordados_de_chamula_y_larrainzar.webp,Bordados de chamula y larrainzar,ok
168-CDMX-Hilvan.webp,Hilván,ok
169-CDMX-Punto_de_Cruz.webp,Punto de cruz,ok
171-CDMX-Punto_de_Cruz.webp,Punto de cruz,ok
172-CDMX-Pima_Nevome.webp,Pima (nevome),ok
176-CDMX-Telar_de_cintura.webp,Telar de cintura,ok
177-CDMX-Punto_de_Cruz.webp,Punto de cruz,ok
179-CDMX-Telar_de_cintura.webp,Telar de cintura,ok
181-CDMX-Telar_de_cintura.webp,Telar de cintura,ok
182-CDMX-Punto_de_Cruz.webp,Punto de cruz,ok
199-CDMX-Tafetan.webp,Tafetán,ok
183-CDMX-Punto_de_Cruz.webp,Punto de cruz,ok
185-CDMX-Telar_de_cintura.webp,Telar de cintura,ok
187-CDMX-Lomillo.webp,Lomillo,ok
188-CDMX-Telar_de_cintura.webp,Telar de cintura,ok
190-CDMX-Punto_de_Cruz.webp,Punto de cruz,ok
191-CDMX-Punto_de_Cruz.webp,Punto de cruz,ok
192-CDMX-Telar_de_cintura.webp,Telar de cintura,ok
193-CDMX-Telar_de_cintura.webp,Telar de cintura,ok
194-CDMX-Telar_de_pedal.webp,Telar de pedal,ok
195-CDMX-Telar_de_cintura.webp,Telar de cintura,ok
200-CDMX-Telar_de_cintura.webp,Telar de cintura,ok
202-CDMX-Relleno.webp,Relleno,ok
203-CDMX-Telar_de_pedal.webp,Telar de pedal,ok
208-CDMX-Telar_de_cintura.webp,Telar de cintura,ok
209-CDMX-Telar_de_cintura.webp,Telar de cintura,ok
212-CDMX-Telar_de_cintura.webp,Telar de cintura,ok
213-CDMX-Bordado_libre_en_maquina_de_pedal.webp,Bordado libre en maquina de pedal,ok
215-CDMX-Pata_de_gallo.webp,Pata de gallo,ok
216-CDMX-Telar_de_cintura.webp,Telar de cintura,ok
217-CDMX-Punto_de_Cruz.webp,Punto de cruz,ok
218-CDMX-Talakaxtokgo_da_makan.webp,Talakaxtokgo da makan,ok
219-CDMX-Telar_de_cintura.webp,Telar de cintura,ok
221-CDMX-Cadeneta_o_cadenilla.webp,Cadeneta o cadenilla,ok
223-CDMX-Cadeneta_o_cadenilla.webp,Cadeneta o cadenilla,ok
224-CDMX-Tejido_de_fibra_natural.webp,Tejido de fibra natural,ok
225-CDMX-Telar_de_cintura.webp,Telar de cintura,ok
226-CDMX-Cadeneta_o_cadenilla.webp,Cadeneta o cadenilla,ok
228-CDMX-Relleno.webp,Relleno,ok
231-CDMX-Punto_de_Cruz.webp,Punto de cruz,ok
233-CDMX-Cadeneta_o_cadenilla.webp,Cadeneta o cadenilla,ok
302-CDMX-Pepenado.webp,Pepenado,ok
269-CDMX-Punto_de_Cruz.webp,Punto de cruz,ok
236-CDMX-Trenzado.webp,Trenzado,ok
237-CDMX-Telar_de_cintura.webp,Telar de cintura,ok
238-CDMX-Telar_de_cintura.webp,Telar de cintura,ok
241-CDMX-Telar_de_cintura.webp,Telar de cintura,ok
242-CDMX-Punto_de_Cruz.webp,Punto de cruz,ok
243-CDMX-Telar_de_cintura.webp,Telar de cintura,ok
244-CDMX-Telar_de_cintura.webp,Telar de cintura,ok
245-CDMX-Telar_de_cintura.webp,Telar de cintura,ok
246-CDMX-Telar_de_cintura.webp,Telar de cintura,ok
249-CDMX-Punto_de_Cruz.webp,Punto de cruz,ok
250-CDMX-Telar_de_cintura.webp,Telar de cintura,ok
251-CDMX-Telar_de_pedal.webp,Telar de pedal,ok
257-CDMX-Telar_de_cintura.webp,Telar de cintura,ok
260-CDMX-Telar_de_cintura.webp,Telar de cintura,ok
262-CDMX-Cadeneta_o_cadenilla.webp,Cadeneta o cadenilla,ok
263-CDMX-Telar_de_cintura.webp,Telar de cintura,ok
265-CDMX-Telar_de_pedal.webp,Telar de pedal,ok
266-CDMX-Telar_de_cintura.webp,Telar de cintura,ok
270-CDMX-Telar_de_cintura.webp,Telar de cintura,ok
272-CDMX-Telar_de_cintura.webp,Telar de cintura,ok
273-CDMX-Semilla.webp,Semilla,ok
274-CDMX-Telar_de_cintura.webp,Telar de cintura,ok
275-CDMX-Telar_de_cintura.webp,Telar de cintura,ok
276-CDMX-Telar_de_cintura.webp,Telar de cintura,ok
277-CDMX-Pata_de_gallo.webp,Pata de gallo,ok
280-CDMX-Punto_de_Cruz.webp,Punto de cruz,ok
282-CDMX-Hilvan.webp,Hilván,ok
283-CDMX-Telar_de_cintura.webp,Telar de cintura,ok
284-CDMX-Punto_de_Cruz.webp,Punto de cruz,ok
285-CDMX-Telar_de_cintura.webp,Telar de cintura,ok
287-CDMX-Telar_de_cintura.webp,Telar de cintura,ok
289-CDMX-Telar_de_pedal.webp,Telar de pedal,ok
290-CDMX-Telar_de_cintura.webp,Telar de cintura,ok
293-CDMX-Pepenado.webp,Pepenado,ok
294-CDMX-Telar_colonial.webp,Telar colonial,ok
295-CDMX-Lomillo.webp,Lomillo,ok
299-CDMX-Punto_de_Cruz.webp,Punto de cruz,ok
304-CDMX-Tlajkitilistli.webp,Tlajkitilistli,ok
